Age,Gender,Academic_Level,Country,Avg_Daily_Usage_Hours,Most_Used_Platform,Affects_Academic_Performance,Sleep_Hours_Per_Night,Mental_Health_Score,Relationship_Status,Conflicts_Over_Social_Media,Addicted_Score,Addiction_Risk,Usage_Sleep_Ratio,Wellbeing_Score,Conflict_Intensity,Academic_Risk
19,Female,Undergraduate,Bangladesh,5.2,Instagram,Yes,6.5,6,In Relationship,3,8,High,0.8,12.5,Low,1
22,Male,Graduate,India,2.1,Twitter,No,7.5,8,Single,0,3,Low,0.28,15.5,,0
20,Female,Undergraduate,USA,6.0,TikTok,Yes,5.0,5,Complicated,4,9,High,1.2,10.0,Medium,1
18,Male,High School,UK,3.0,YouTube,No,7.0,7,Single,1,4,Low,0.42857142857142855,14.0,Low,0
21,Male,Graduate,Canada,4.5,Facebook,Yes,6.0,6,In Relationship,2,7,Medium,0.75,12.0,Low,1
19,Female,Undergraduate,Australia,7.2,Instagram,Yes,4.5,4,Complicated,5,9,High,1.6,8.5,Medium,1
23,Male,Graduate,Germany,1.5,LinkedIn,No,8.0,9,Single,0,2,Low,0.1875,17.0,,0
20,Female,Undergraduate,Brazil,5.8,Snapchat,Yes,6.0,6,In Relationship,2,8,High,0.9666666666666667,12.0,Low,1
18,Male,High School,Japan,4.0,TikTok,No,6.5,7,Single,1,5,Medium,0.6153846153846154,13.5,Low,0
21,Female,Graduate,South Korea,3.3,Instagram,No,7.0,7,In Relationship,1,4,Low,0.4714285714285714,14.0,Low,0
19,Male,Undergraduate,France,4.8,Snapchat,Yes,6.2,5,Complicated,3,7,Medium,0.7741935483870968,11.2,Low,1
20,Female,Undergraduate,Spain,5.5,TikTok,Yes,5.8,6,In Relationship,2,8,High,0.9482758620689655,11.8,Low,1
22,Male,Graduate,Italy,2.8,LinkedIn,No,7.2,8,Single,1,4,Low,0.38888888888888884,15.2,Low,0
18,Female,High School,Mexico,6.5,Instagram,Yes,5.5,5,Single,4,9,High,1.1818181818181819,10.5,Medium,1
21,Male,Undergraduate,Russia,3.7,YouTube,No,6.8,7,In Relationship,2,5,Medium,0.5441176470588236,13.8,Low,0
20,Female,Undergraduate,China,4.2,TikTok,Yes,6.0,6,Complicated,3,7,Medium,0.7000000000000001,12.0,Low,1
24,Male,Graduate,Sweden,2.0,LinkedIn,No,7.8,8,Single,0,3,Low,0.25641025641025644,15.8,,0
19,Female,High School,Norway,5.0,Instagram,Yes,5.7,5,In Relationship,3,8,High,0.8771929824561403,10.7,Low,1
21,Male,Undergraduate,Denmark,3.5,Facebook,No,6.7,7,Single,1,5,Medium,0.5223880597014925,13.7,Low,0
20,Female,Undergraduate,Netherlands,4.7,Snapchat,Yes,5.9,6,Complicated,3,7,Medium,0.7966101694915254,11.9,Low,1
18,Male,High School,Belgium,5.3,TikTok,Yes,5.5,5,Single,4,8,High,0.9636363636363636,10.5,Medium,1
23,Female,Graduate,Switzerland,2.5,LinkedIn,No,7.3,8,In Relationship,1,4,Low,0.3424657534246575,15.3,Low,0
19,Male,Undergraduate,Austria,4.9,Instagram,Yes,5.8,6,Complicated,3,7,Medium,0.8448275862068967,11.8,Low,1
20,Female,Undergraduate,Portugal,5.7,TikTok,Yes,5.4,5,Single,4,8,High,1.0555555555555556,10.4,Medium,1
22,Male,Graduate,Greece,3.2,Facebook,No,6.9,7,In Relationship,2,5,Medium,0.463768115942029,13.9,Low,0
19,Female,High School,Ireland,6.1,Instagram,Yes,5.2,5,Complicated,4,9,High,1.173076923076923,10.2,Medium,1
21,Male,Undergraduate,New Zealand,3.8,YouTube,No,6.6,7,Single,1,5,Medium,0.5757575757575758,13.6,Low,0
20,Female,Undergraduate,Singapore,4.4,TikTok,Yes,5.9,6,In Relationship,3,7,Medium,0.7457627118644068,11.9,Low,1
24,Male,Graduate,Malaysia,2.2,LinkedIn,No,7.4,8,Single,0,3,Low,0.2972972972972973,15.4,,0
19,Female,High School,Thailand,5.9,Instagram,Yes,5.3,5,Complicated,4,8,High,1.1132075471698115,10.3,Medium,1
21,Male,Undergraduate,Vietnam,3.6,Facebook,No,6.7,7,Single,1,5,Medium,0.5373134328358209,13.7,Low,0
20,Female,Undergraduate,Philippines,4.8,Snapchat,Yes,5.7,6,In Relationship,3,7,Medium,0.8421052631578947,11.7,Low,1
18,Male,High School,Indonesia,5.4,TikTok,Yes,5.4,5,Complicated,4,8,High,1.0,10.4,Medium,1
23,Female,Graduate,Taiwan,2.6,LinkedIn,No,7.2,8,Single,1,4,Low,0.3611111111111111,15.2,Low,0
19,Male,Undergraduate,Hong Kong,4.7,Instagram,Yes,5.8,6,In Relationship,3,7,Medium,0.810344827586207,11.8,Low,1
20,Female,Undergraduate,Turkey,5.6,TikTok,Yes,5.5,5,Complicated,4,8,High,1.018181818181818,10.5,Medium,1
22,Male,Graduate,Israel,3.1,Facebook,No,6.8,7,Single,1,5,Medium,0.4558823529411765,13.8,Low,0
19,Female,High School,UAE,6.2,Instagram,Yes,5.1,5,In Relationship,4,9,High,1.215686274509804,10.1,Medium,1
21,Male,Undergraduate,Egypt,3.9,YouTube,No,6.5,7,Complicated,2,6,Medium,0.6,13.5,Low,0
20,Female,Undergraduate,Morocco,4.5,TikTok,Yes,5.8,6,Single,3,7,Medium,0.7758620689655172,11.8,Low,1
24,Male,Graduate,South Africa,2.3,LinkedIn,No,7.3,8,In Relationship,1,4,Low,0.3150684931506849,15.3,Low,0
19,Female,High School,Nigeria,5.8,Instagram,Yes,5.4,5,Complicated,4,8,High,1.074074074074074,10.4,Medium,1
21,Male,Undergraduate,Kenya,3.7,Facebook,No,6.6,7,Single,2,5,Medium,0.5606060606060607,13.6,Low,0
20,Female,Undergraduate,Ghana,4.6,Snapchat,Yes,5.7,6,In Relationship,3,7,Medium,0.8070175438596491,11.7,Low,1
18,Male,High School,Argentina,5.5,TikTok,Yes,5.3,5,Single,4,8,High,1.0377358490566038,10.3,Medium,1
23,Female,Graduate,Chile,2.7,LinkedIn,No,7.1,8,Complicated,1,4,Low,0.3802816901408451,15.1,Low,0
19,Male,Undergraduate,Colombia,4.8,Instagram,Yes,5.9,6,In Relationship,3,7,Medium,0.8135593220338982,11.9,Low,1
20,Female,Undergraduate,Peru,5.5,TikTok,Yes,5.6,5,Single,4,8,High,0.9821428571428572,10.6,Medium,1
22,Male,Graduate,Venezuela,3.3,Facebook,No,6.7,7,In Relationship,2,5,Medium,0.4925373134328358,13.7,Low,0
19,Female,High School,Ecuador,6.3,Instagram,Yes,5.2,5,Complicated,4,9,High,1.2115384615384615,10.2,Medium,1
21,Male,Undergraduate,Uruguay,3.8,YouTube,No,6.4,7,Single,2,6,Medium,0.5937499999999999,13.4,Low,0
20,Female,Undergraduate,Paraguay,4.7,TikTok,Yes,5.8,6,In Relationship,3,7,Medium,0.810344827586207,11.8,Low,1
24,Male,Graduate,Bolivia,2.4,LinkedIn,No,7.2,8,Complicated,1,4,Low,0.3333333333333333,15.2,Low,0
19,Female,High School,Costa Rica,5.7,Instagram,Yes,5.5,5,Single,4,8,High,1.0363636363636364,10.5,Medium,1
21,Male,Undergraduate,Panama,3.6,Facebook,No,6.5,7,In Relationship,2,5,Medium,0.5538461538461539,13.5,Low,0
20,Female,Undergraduate,Jamaica,4.9,Snapchat,Yes,5.6,6,Complicated,3,7,Medium,0.8750000000000001,11.6,Low,1
18,Male,High School,Trinidad,5.6,TikTok,Yes,5.2,5,Single,4,8,High,1.0769230769230769,10.2,Medium,1
23,Female,Graduate,Bahamas,2.8,LinkedIn,No,7.0,8,In Relationship,1,4,Low,0.39999999999999997,15.0,Low,0
19,Male,Undergraduate,Iceland,4.6,Instagram,Yes,5.9,6,Complicated,3,7,Medium,0.7796610169491525,11.9,Low,1
20,Female,Undergraduate,Finland,5.4,TikTok,Yes,5.7,5,Single,4,8,High,0.9473684210526316,10.7,Medium,1
22,Male,Graduate,Poland,3.1,Facebook,No,7.1,7,Single,1,5,Medium,0.4366197183098592,14.1,Low,0
19,Female,Undergraduate,Romania,5.6,Instagram,Yes,5.6,5,In Relationship,3,8,High,1.0,10.6,Low,1
20,Male,Undergraduate,Hungary,4.2,TikTok,Yes,6.0,6,Complicated,3,7,Medium,0.7000000000000001,12.0,Low,1
18,Female,High School,Czech Republic,6.1,Snapchat,Yes,5.2,4,Single,4,9,High,1.173076923076923,9.2,Medium,1
23,Male,Graduate,Slovakia,2.3,LinkedIn,No,7.4,8,In Relationship,1,3,Low,0.31081081081081074,15.4,Low,0
21,Female,Undergraduate,Croatia,4.8,Instagram,Yes,5.8,6,Single,3,7,Medium,0.8275862068965517,11.8,Low,1
20,Male,Undergraduate,Serbia,3.9,YouTube,No,6.5,7,Complicated,2,6,Medium,0.6,13.5,Low,0
19,Female,High School,Slovenia,5.7,TikTok,Yes,5.4,5,In Relationship,4,8,High,1.0555555555555556,10.4,Medium,1
22,Male,Graduate,Bulgaria,2.8,LinkedIn,No,7.2,8,Single,1,4,Low,0.38888888888888884,15.2,Low,0
20,Female,Undergraduate,Estonia,4.5,Instagram,Yes,5.9,6,Complicated,3,7,Medium,0.7627118644067796,11.9,Low,1
18,Male,High School,Latvia,5.4,Snapchat,Yes,5.5,5,Single,4,8,High,0.9818181818181819,10.5,Medium,1
21,Female,Graduate,Lithuania,3.2,Facebook,No,6.8,7,In Relationship,2,5,Medium,0.4705882352941177,13.8,Low,0
19,Male,Undergraduate,Ukraine,4.9,TikTok,Yes,5.7,6,Complicated,3,7,Medium,0.8596491228070176,11.7,Low,1
20,Female,Undergraduate,Moldova,5.8,Instagram,Yes,5.3,5,Single,4,8,High,1.0943396226415094,10.3,Medium,1
23,Male,Graduate,Belarus,2.5,LinkedIn,No,7.3,8,In Relationship,1,4,Low,0.3424657534246575,15.3,Low,0
21,Female,Undergraduate,Kazakhstan,4.6,Snapchat,Yes,5.8,6,Single,3,7,Medium,0.793103448275862,11.8,Low,1
19,Male,High School,Uzbekistan,5.5,TikTok,Yes,5.4,5,Complicated,4,8,High,1.0185185185185184,10.4,Medium,1
22,Female,Graduate,Kyrgyzstan,2.9,Facebook,No,7.0,7,In Relationship,2,5,Medium,0.41428571428571426,14.0,Low,0
20,Male,Undergraduate,Tajikistan,4.7,YouTube,Yes,5.9,6,Single,3,7,Medium,0.7966101694915254,11.9,Low,1
18,Female,High School,Armenia,5.9,Instagram,Yes,5.2,5,Complicated,4,9,High,1.1346153846153846,10.2,Medium,1
21,Male,Graduate,Georgia,3.0,LinkedIn,No,7.1,8,In Relationship,1,4,Low,0.4225352112676057,15.1,Low,0
19,Female,Undergraduate,Azerbaijan,4.8,TikTok,Yes,5.7,6,Single,3,7,Medium,0.8421052631578947,11.7,Low,1
20,Male,Undergraduate,Cyprus,3.8,Facebook,No,6.6,7,Complicated,2,6,Medium,0.5757575757575758,13.6,Low,0
22,Female,Graduate,Malta,2.7,LinkedIn,No,7.2,8,In Relationship,1,4,Low,0.375,15.2,Low,0
18,Male,High School,Luxembourg,5.6,Snapchat,Yes,5.3,5,Single,4,8,High,1.0566037735849056,10.3,Medium,1
21,Female,Undergraduate,Monaco,4.5,Instagram,Yes,5.8,6,Complicated,3,7,Medium,0.7758620689655172,11.8,Low,1
19,Male,High School,Andorra,5.3,TikTok,Yes,5.5,5,In Relationship,4,8,High,0.9636363636363636,10.5,Medium,1
23,Female,Graduate,San Marino,2.6,LinkedIn,No,7.3,8,Single,1,4,Low,0.35616438356164387,15.3,Low,0
20,Male,Undergraduate,Vatican City,4.4,YouTube,Yes,6.0,6,Complicated,3,7,Medium,0.7333333333333334,12.0,Low,1
18,Female,High School,Liechtenstein,5.8,Instagram,Yes,5.2,5,Single,4,9,High,1.1153846153846154,10.2,Medium,1
22,Male,Graduate,Montenegro,2.9,Facebook,No,7.0,7,In Relationship,2,5,Medium,0.41428571428571426,14.0,Low,0
19,Female,Undergraduate,Albania,4.7,TikTok,Yes,5.8,6,Complicated,3,7,Medium,0.810344827586207,11.8,Low,1
21,Male,Undergraduate,North Macedonia,3.7,Snapchat,No,6.5,7,Single,2,6,Medium,0.5692307692307692,13.5,Low,0
20,Female,High School,Kosovo,5.5,Instagram,Yes,5.4,5,In Relationship,4,8,High,1.0185185185185184,10.4,Medium,1
23,Male,Graduate,Bosnia,2.4,LinkedIn,No,7.4,8,Complicated,1,4,Low,0.3243243243243243,15.4,Low,0
19,Female,Undergraduate,Qatar,4.9,TikTok,Yes,5.7,6,Single,3,7,Medium,0.8596491228070176,11.7,Low,1
18,Male,High School,Kuwait,5.7,Snapchat,Yes,5.3,5,In Relationship,4,8,High,1.0754716981132075,10.3,Medium,1
22,Female,Graduate,Bahrain,2.8,LinkedIn,No,7.1,8,Complicated,1,4,Low,0.39436619718309857,15.1,Low,0
20,Male,Undergraduate,Oman,4.6,Instagram,Yes,5.9,6,Single,3,7,Medium,0.7796610169491525,11.9,Low,1
21,Female,Undergraduate,Jordan,5.4,TikTok,Yes,5.5,5,In Relationship,4,8,High,0.9818181818181819,10.5,Medium,1
19,Male,High School,Lebanon,5.8,YouTube,Yes,5.2,5,Complicated,4,9,High,1.1153846153846154,10.2,Medium,1
23,Female,Graduate,Iraq,2.5,LinkedIn,No,7.3,8,Single,1,4,Low,0.3424657534246575,15.3,Low,0
20,Male,Undergraduate,Yemen,4.7,Facebook,Yes,5.8,6,In Relationship,3,7,Medium,0.810344827586207,11.8,Low,1
18,Female,High School,Syria,5.6,Instagram,Yes,5.4,5,Single,4,8,High,1.037037037037037,10.4,Medium,1
22,Male,Graduate,Afghanistan,2.9,LinkedIn,No,7.0,7,Complicated,2,5,Medium,0.41428571428571426,14.0,Low,0
19,Female,Undergraduate,Pakistan,4.8,TikTok,Yes,5.7,6,In Relationship,3,7,Medium,0.8421052631578947,11.7,Low,1
21,Male,Undergraduate,Nepal,3.8,YouTube,No,6.6,7,Single,2,6,Medium,0.5757575757575758,13.6,Low,0
20,Female,High School,Bhutan,5.5,Snapchat,Yes,5.5,5,Complicated,4,8,High,1.0,10.5,Medium,1
23,Male,Graduate,Sri Lanka,2.6,LinkedIn,No,7.2,8,In Relationship,1,4,Low,0.3611111111111111,15.2,Low,0
19,Female,Undergraduate,Maldives,4.9,Instagram,Yes,5.8,6,Single,3,7,Medium,0.8448275862068967,11.8,Low,1
20,Male,Undergraduate,Bangladesh,6.1,Instagram,Yes,6.2,5,Single,4,8,High,0.9838709677419354,11.2,Medium,1
21,Female,Undergraduate,India,5.8,TikTok,Yes,5.9,6,In Relationship,3,7,Medium,0.983050847457627,11.9,Low,1
19,Male,Undergraduate,Nepal,4.9,Facebook,No,7.1,7,Single,2,5,Medium,0.6901408450704226,14.1,Low,0
22,Female,Graduate,Pakistan,5.5,Instagram,Yes,6.0,5,Single,4,8,High,0.9166666666666666,11.0,Medium,1
20,Male,Undergraduate,Sri Lanka,5.2,TikTok,Yes,6.3,6,In Relationship,3,7,Medium,0.8253968253968255,12.3,Low,1
19,Female,Undergraduate,Maldives,4.8,Instagram,No,7.2,8,Single,2,5,Medium,0.6666666666666666,15.2,Low,0
21,Male,Graduate,Bangladesh,6.0,Facebook,Yes,5.8,5,In Relationship,4,8,High,1.0344827586206897,10.8,Medium,1
20,Female,Undergraduate,India,5.7,Instagram,Yes,6.1,6,Single,3,7,Medium,0.9344262295081968,12.1,Low,1
22,Male,Graduate,Nepal,4.7,TikTok,No,7.3,7,Single,2,5,Medium,0.6438356164383562,14.3,Low,0
19,Female,Undergraduate,Pakistan,5.4,Instagram,Yes,6.2,5,In Relationship,4,8,High,0.8709677419354839,11.2,Medium,1
20,Male,Undergraduate,Sri Lanka,5.9,Facebook,Yes,5.9,6,Single,3,7,Medium,1.0,11.9,Low,1
21,Female,Graduate,Maldives,4.6,Instagram,No,7.4,8,In Relationship,2,5,Medium,0.6216216216216215,15.4,Low,0
19,Male,Undergraduate,Bangladesh,5.3,TikTok,Yes,6.3,5,Single,4,8,High,0.8412698412698413,11.3,Medium,1
22,Female,Graduate,India,5.8,Instagram,Yes,5.8,6,In Relationship,3,7,Medium,1.0,11.8,Low,1
20,Male,Undergraduate,Nepal,4.5,Facebook,No,7.5,7,Single,2,5,Medium,0.6,14.5,Low,0
21,Female,Graduate,Pakistan,5.2,Instagram,Yes,6.4,5,In Relationship,4,8,High,0.8125,11.4,Medium,1
19,Male,Undergraduate,Sri Lanka,5.7,TikTok,Yes,5.7,6,Single,3,7,Medium,1.0,11.7,Low,1
20,Female,Undergraduate,Maldives,4.4,Instagram,No,7.6,8,In Relationship,2,5,Medium,0.5789473684210527,15.6,Low,0
22,Male,Graduate,Bangladesh,5.1,Facebook,Yes,6.5,5,Single,4,8,High,0.7846153846153846,11.5,Medium,1
21,Female,Graduate,India,5.6,Instagram,Yes,5.6,6,In Relationship,3,7,Medium,1.0,11.6,Low,1
19,Male,Undergraduate,Nepal,4.3,TikTok,No,7.7,7,Single,2,5,Medium,0.5584415584415584,14.7,Low,0
20,Female,Undergraduate,Pakistan,5.0,Instagram,Yes,6.6,5,In Relationship,4,8,High,0.7575757575757576,11.6,Medium,1
22,Male,Graduate,Sri Lanka,5.5,Facebook,Yes,5.5,6,Single,3,7,Medium,1.0,11.5,Low,1
21,Female,Graduate,Maldives,4.2,Instagram,No,7.8,8,In Relationship,2,5,Medium,0.5384615384615385,15.8,Low,0
19,Male,Undergraduate,Bangladesh,4.9,TikTok,Yes,6.7,5,Single,4,8,High,0.7313432835820896,11.7,Medium,1
20,Female,Undergraduate,India,5.4,Instagram,Yes,5.4,6,In Relationship,3,7,Medium,1.0,11.4,Low,1
22,Male,Graduate,Nepal,4.1,Facebook,No,7.9,7,Single,2,5,Medium,0.5189873417721518,14.9,Low,0
21,Female,Graduate,Pakistan,4.8,Instagram,Yes,6.8,5,In Relationship,4,8,High,0.7058823529411765,11.8,Medium,1
19,Male,Undergraduate,Sri Lanka,5.3,TikTok,Yes,5.3,6,Single,3,7,Medium,1.0,11.3,Low,1
20,Female,Undergraduate,Maldives,4.0,Instagram,No,8.0,8,In Relationship,2,5,Medium,0.5,16.0,Low,0
22,Male,Graduate,Bangladesh,4.7,Facebook,Yes,6.9,5,Single,4,8,High,0.6811594202898551,11.9,Medium,1
21,Female,Graduate,India,5.2,Instagram,Yes,5.2,6,In Relationship,3,7,Medium,1.0,11.2,Low,1
19,Male,Undergraduate,Nepal,3.9,TikTok,No,8.1,7,Single,2,5,Medium,0.4814814814814815,15.1,Low,0
20,Female,Undergraduate,Pakistan,4.6,Instagram,Yes,7.0,5,In Relationship,4,8,High,0.6571428571428571,12.0,Medium,1
22,Male,Graduate,Sri Lanka,5.1,Facebook,Yes,5.1,6,Single,3,7,Medium,1.0,11.1,Low,1
21,Female,Graduate,Maldives,3.8,Instagram,No,8.2,8,In Relationship,2,5,Medium,0.4634146341463415,16.2,Low,0
19,Male,Undergraduate,Bangladesh,4.5,TikTok,Yes,7.1,5,Single,4,8,High,0.6338028169014085,12.1,Medium,1
20,Female,Undergraduate,India,5.0,Instagram,Yes,5.0,6,In Relationship,3,7,Medium,1.0,11.0,Low,1
22,Male,Graduate,Nepal,3.7,Facebook,No,8.3,7,Single,2,5,Medium,0.4457831325301205,15.3,Low,0
21,Female,Graduate,Pakistan,4.4,Instagram,Yes,7.2,5,In Relationship,4,8,High,0.6111111111111112,12.2,Medium,1
19,Male,Undergraduate,Sri Lanka,4.9,TikTok,Yes,4.9,6,Single,3,7,Medium,1.0,10.9,Low,1
20,Female,Undergraduate,Maldives,3.6,Instagram,No,8.4,8,In Relationship,2,5,Medium,0.42857142857142855,16.4,Low,0
22,Male,Graduate,Bangladesh,4.3,Facebook,Yes,7.3,5,Single,4,8,High,0.589041095890411,12.3,Medium,1
21,Female,Graduate,India,4.8,Instagram,Yes,4.8,6,In Relationship,3,7,Medium,1.0,10.8,Low,1
19,Male,Undergraduate,Nepal,3.5,TikTok,No,8.5,7,Single,2,5,Medium,0.4117647058823529,15.5,Low,0
20,Female,Undergraduate,Pakistan,4.2,Instagram,Yes,7.4,5,In Relationship,4,8,High,0.5675675675675675,12.4,Medium,1
22,Male,Graduate,Sri Lanka,4.7,Facebook,Yes,4.7,6,Single,3,7,Medium,1.0,10.7,Low,1
21,Female,Graduate,Maldives,3.4,Instagram,No,8.6,8,In Relationship,2,5,Medium,0.3953488372093023,16.6,Low,0
19,Male,Undergraduate,Bangladesh,4.1,TikTok,Yes,7.5,5,Single,4,8,High,0.5466666666666666,12.5,Medium,1
20,Female,Undergraduate,India,4.6,Instagram,Yes,4.6,6,In Relationship,3,7,Medium,1.0,10.6,Low,1
19,Female,Undergraduate,Bangladesh,5.3,Instagram,Yes,6.1,5,Single,3,7,Medium,0.8688524590163935,11.1,Low,1
21,Male,Graduate,India,4.8,Facebook,No,7.2,7,In Relationship,2,6,Medium,0.6666666666666666,14.2,Low,0
20,Female,Undergraduate,Nepal,5.5,TikTok,Yes,5.9,6,Single,4,8,High,0.9322033898305084,11.9,Medium,1
22,Male,Graduate,Pakistan,4.7,Instagram,Yes,6.3,5,In Relationship,3,7,Medium,0.746031746031746,11.3,Low,1
19,Female,Undergraduate,Sri Lanka,5.1,Facebook,No,7.0,7,Single,2,5,Medium,0.7285714285714285,14.0,Low,0
21,Male,Graduate,Maldives,5.4,TikTok,Yes,6.0,6,In Relationship,4,8,High,0.9,12.0,Medium,1
20,Female,Undergraduate,Bangladesh,4.9,Instagram,Yes,6.4,5,Single,3,7,Medium,0.765625,11.4,Low,1
22,Male,Graduate,India,5.2,Facebook,No,7.1,7,In Relationship,2,6,Medium,0.7323943661971831,14.1,Low,0
19,Female,Undergraduate,Nepal,5.6,TikTok,Yes,5.8,6,Single,4,8,High,0.9655172413793103,11.8,Medium,1
21,Male,Graduate,Pakistan,4.6,Instagram,Yes,6.5,5,In Relationship,3,7,Medium,0.7076923076923076,11.5,Low,1
20,Female,Undergraduate,Sri Lanka,5.0,Facebook,No,7.3,7,Single,2,5,Medium,0.684931506849315,14.3,Low,0
22,Male,Graduate,Maldives,5.3,TikTok,Yes,5.7,6,In Relationship,4,8,High,0.9298245614035087,11.7,Medium,1
19,Female,Undergraduate,Bangladesh,4.8,Instagram,Yes,6.6,5,Single,3,7,Medium,0.7272727272727273,11.6,Low,1
21,Male,Graduate,India,5.1,Facebook,No,7.4,7,In Relationship,2,6,Medium,0.6891891891891891,14.4,Low,0
20,Female,Undergraduate,Nepal,5.7,TikTok,Yes,5.6,6,Single,4,8,High,1.017857142857143,11.6,Medium,1
22,Male,Graduate,Pakistan,4.5,Instagram,Yes,6.7,5,In Relationship,3,7,Medium,0.6716417910447761,11.7,Low,1
19,Female,Undergraduate,Sri Lanka,4.9,Facebook,No,7.5,7,Single,2,5,Medium,0.6533333333333334,14.5,Low,0
21,Male,Graduate,Maldives,5.2,TikTok,Yes,5.5,6,In Relationship,4,8,High,0.9454545454545454,11.5,Medium,1
20,Female,Undergraduate,Bangladesh,4.7,Instagram,Yes,6.8,5,Single,3,7,Medium,0.6911764705882354,11.8,Low,1
22,Male,Graduate,India,5.0,Facebook,No,7.6,7,In Relationship,2,6,Medium,0.6578947368421053,14.6,Low,0
19,Female,Undergraduate,Nepal,5.8,TikTok,Yes,5.4,6,Single,4,8,High,1.074074074074074,11.4,Medium,1
21,Male,Graduate,Pakistan,4.4,Instagram,Yes,6.9,5,In Relationship,3,7,Medium,0.6376811594202899,11.9,Low,1
20,Female,Undergraduate,Sri Lanka,4.8,Facebook,No,7.7,7,Single,2,5,Medium,0.6233766233766234,14.7,Low,0
22,Male,Graduate,Maldives,5.1,TikTok,Yes,5.3,6,In Relationship,4,8,High,0.9622641509433962,11.3,Medium,1
19,Female,Undergraduate,Bangladesh,4.6,Instagram,Yes,7.0,5,Single,3,7,Medium,0.6571428571428571,12.0,Low,1
21,Male,Graduate,India,4.9,Facebook,No,7.8,7,In Relationship,2,6,Medium,0.6282051282051283,14.8,Low,0
20,Female,Undergraduate,Nepal,5.9,TikTok,Yes,5.2,6,Single,4,8,High,1.1346153846153846,11.2,Medium,1
22,Male,Graduate,Pakistan,4.3,Instagram,Yes,7.1,5,In Relationship,3,7,Medium,0.6056338028169014,12.1,Low,1
19,Female,Undergraduate,Sri Lanka,4.7,Facebook,No,7.9,7,Single,2,5,Medium,0.5949367088607594,14.9,Low,0
21,Male,Graduate,Maldives,5.0,TikTok,Yes,5.1,6,In Relationship,4,8,High,0.9803921568627452,11.1,Medium,1
20,Female,Undergraduate,Bangladesh,4.5,Instagram,Yes,7.2,5,Single,3,7,Medium,0.625,12.2,Low,1
22,Male,Graduate,India,4.8,Facebook,No,8.0,7,In Relationship,2,6,Medium,0.6,15.0,Low,0
19,Female,Undergraduate,Nepal,6.0,TikTok,Yes,5.0,6,Single,4,8,High,1.2,11.0,Medium,1
21,Male,Graduate,Pakistan,4.2,Instagram,Yes,7.3,5,In Relationship,3,7,Medium,0.5753424657534247,12.3,Low,1
20,Female,Undergraduate,Sri Lanka,4.6,Facebook,No,8.1,7,Single,2,5,Medium,0.5679012345679012,15.1,Low,0
22,Male,Graduate,Maldives,4.9,TikTok,Yes,4.9,6,In Relationship,4,8,High,1.0,10.9,Medium,1
19,Female,Undergraduate,Bangladesh,4.4,Instagram,Yes,7.4,5,Single,3,7,Medium,0.5945945945945946,12.4,Low,1
21,Male,Graduate,India,4.7,Facebook,No,8.2,7,In Relationship,2,6,Medium,0.5731707317073171,15.2,Low,0
20,Female,Undergraduate,Nepal,6.1,TikTok,Yes,4.8,6,Single,4,8,High,1.2708333333333333,10.8,Medium,1
22,Male,Graduate,Pakistan,4.1,Instagram,Yes,7.5,5,In Relationship,3,7,Medium,0.5466666666666666,12.5,Low,1
19,Female,Undergraduate,Sri Lanka,4.5,Facebook,No,8.3,7,Single,2,5,Medium,0.5421686746987951,15.3,Low,0
21,Male,Graduate,Maldives,4.8,TikTok,Yes,4.7,6,In Relationship,4,8,High,1.0212765957446808,10.7,Medium,1
20,Female,Undergraduate,Bangladesh,4.3,Instagram,Yes,7.6,5,Single,3,7,Medium,0.5657894736842105,12.6,Low,1
22,Male,Graduate,India,4.6,Facebook,No,8.4,7,In Relationship,2,6,Medium,0.5476190476190476,15.4,Low,0
19,Female,Undergraduate,Nepal,6.2,TikTok,Yes,4.6,6,Single,4,8,High,1.347826086956522,10.6,Medium,1
21,Male,Graduate,Pakistan,4.0,Instagram,Yes,7.7,5,In Relationship,3,7,Medium,0.5194805194805194,12.7,Low,1
20,Female,Undergraduate,Sri Lanka,4.4,Facebook,No,8.5,7,Single,2,5,Medium,0.5176470588235295,15.5,Low,0
22,Male,Graduate,Maldives,4.7,TikTok,Yes,4.5,6,In Relationship,4,8,High,1.0444444444444445,10.5,Medium,1
19,Female,Undergraduate,Bangladesh,4.2,Instagram,Yes,7.8,5,Single,3,7,Medium,0.5384615384615385,12.8,Low,1
21,Male,Graduate,India,4.5,Facebook,No,8.6,7,In Relationship,2,6,Medium,0.5232558139534884,15.6,Low,0
20,Female,Undergraduate,Nepal,6.3,TikTok,Yes,4.4,6,Single,4,8,High,1.4318181818181817,10.4,Medium,1
22,Male,Graduate,Pakistan,3.9,Instagram,Yes,7.9,5,In Relationship,3,7,Medium,0.49367088607594933,12.9,Low,1
19,Female,Undergraduate,Sri Lanka,4.3,Facebook,No,8.7,7,Single,2,5,Medium,0.4942528735632184,15.7,Low,0
21,Male,Graduate,Maldives,4.6,TikTok,Yes,4.3,6,In Relationship,4,8,High,1.069767441860465,10.3,Medium,1
20,Female,Undergraduate,Bangladesh,4.1,Instagram,Yes,8.0,5,Single,3,7,Medium,0.5125,13.0,Low,1
22,Male,Graduate,India,4.4,Facebook,No,8.8,7,In Relationship,2,6,Medium,0.5,15.8,Low,0
19,Female,Undergraduate,Nepal,6.4,TikTok,Yes,4.2,6,Single,4,8,High,1.5238095238095237,10.2,Medium,1
21,Male,Graduate,Pakistan,3.8,Instagram,Yes,8.1,5,In Relationship,3,7,Medium,0.4691358024691358,13.1,Low,1
20,Female,Undergraduate,Sri Lanka,4.2,Facebook,No,8.9,7,Single,2,5,Medium,0.47191011235955055,15.9,Low,0
22,Male,Graduate,Maldives,4.5,TikTok,Yes,4.1,6,In Relationship,4,8,High,1.0975609756097562,10.1,Medium,1
19,Female,Undergraduate,USA,6.5,Instagram,Yes,6.0,5,Single,4,9,High,1.0833333333333333,11.0,Medium,1
21,Male,Graduate,UK,5.8,TikTok,Yes,6.5,6,In Relationship,3,7,Medium,0.8923076923076922,12.5,Low,1
20,Female,Undergraduate,Australia,4.5,Instagram,No,7.5,8,Single,2,5,Medium,0.6,15.5,Low,0
22,Male,Graduate,Germany,4.2,Facebook,No,7.8,7,In Relationship,2,4,Low,0.5384615384615385,14.8,Low,0
19,Female,Undergraduate,Japan,3.8,LINE,No,7.9,8,Single,1,3,Low,0.48101265822784806,15.9,Low,0
21,Male,Graduate,Italy,5.5,Instagram,Yes,6.8,6,Single,3,7,Medium,0.8088235294117647,12.8,Low,1
20,Female,Undergraduate,South Korea,5.2,KakaoTalk,Yes,6.5,6,In Relationship,3,6,Medium,0.8,12.5,Low,1
22,Male,Graduate,Russia,4.8,VKontakte,No,7.2,7,Single,2,5,Medium,0.6666666666666666,14.2,Low,0
19,Female,Undergraduate,USA,7.0,TikTok,Yes,5.8,4,In Relationship,4,9,High,1.206896551724138,9.8,Medium,1
21,Male,Graduate,UK,5.5,Instagram,Yes,6.7,6,Single,3,7,Medium,0.8208955223880596,12.7,Low,1
20,Female,Undergraduate,Australia,4.7,Facebook,No,7.4,7,In Relationship,2,5,Medium,0.6351351351351351,14.4,Low,0
22,Male,Graduate,Germany,4.0,Instagram,No,7.9,8,Single,1,4,Low,0.5063291139240506,15.9,Low,0
19,Female,Undergraduate,Japan,3.5,LINE,No,8.0,8,Single,1,3,Low,0.4375,16.0,Low,0
21,Male,Graduate,Italy,5.7,TikTok,Yes,6.5,5,In Relationship,3,8,High,0.8769230769230769,11.5,Low,1
20,Female,Undergraduate,South Korea,5.0,KakaoTalk,Yes,6.8,6,Single,3,6,Medium,0.7352941176470589,12.8,Low,1
22,Male,Graduate,Russia,4.5,VKontakte,No,7.4,7,In Relationship,2,5,Medium,0.6081081081081081,14.4,Low,0
19,Female,Undergraduate,USA,6.8,Instagram,Yes,5.9,4,Single,4,9,High,1.1525423728813557,9.9,Medium,1
21,Male,Graduate,UK,5.6,Facebook,Yes,6.6,6,In Relationship,3,7,Medium,0.8484848484848485,12.6,Low,1
20,Female,Undergraduate,Australia,4.6,Instagram,No,7.3,7,Single,2,5,Medium,0.6301369863013698,14.3,Low,0
22,Male,Graduate,Germany,4.1,Facebook,No,7.7,8,In Relationship,2,4,Low,0.5324675324675324,15.7,Low,0
19,Female,Undergraduate,Japan,3.7,LINE,No,7.8,8,Single,1,3,Low,0.4743589743589744,15.8,Low,0
21,Male,Graduate,Italy,5.4,Instagram,Yes,6.7,5,Single,3,7,Medium,0.8059701492537313,11.7,Low,1
20,Female,Undergraduate,South Korea,5.1,KakaoTalk,Yes,6.6,6,In Relationship,3,6,Medium,0.7727272727272727,12.6,Low,1
22,Male,Graduate,Russia,4.7,VKontakte,No,7.3,7,Single,2,5,Medium,0.6438356164383562,14.3,Low,0
19,Female,Undergraduate,USA,6.9,TikTok,Yes,5.7,4,In Relationship,4,9,High,1.2105263157894737,9.7,Medium,1
21,Male,Graduate,UK,5.7,Instagram,Yes,6.4,6,Single,3,7,Medium,0.890625,12.4,Low,1
20,Female,Undergraduate,Australia,4.8,Facebook,No,7.2,7,In Relationship,2,5,Medium,0.6666666666666666,14.2,Low,0
22,Male,Graduate,Germany,3.9,Instagram,No,7.8,8,Single,1,4,Low,0.5,15.8,Low,0
19,Female,Undergraduate,Japan,3.6,LINE,No,8.1,8,Single,1,3,Low,0.4444444444444445,16.1,Low,0
21,Male,Graduate,Italy,5.6,TikTok,Yes,6.6,5,In Relationship,3,8,High,0.8484848484848485,11.6,Low,1
20,Female,Undergraduate,South Korea,4.9,KakaoTalk,Yes,6.9,6,Single,3,6,Medium,0.7101449275362319,12.9,Low,1
22,Male,Graduate,Russia,4.6,VKontakte,No,7.5,7,In Relationship,2,5,Medium,0.6133333333333333,14.5,Low,0
19,Female,Undergraduate,USA,6.7,Instagram,Yes,5.8,4,Single,4,9,High,1.1551724137931034,9.8,Medium,1
21,Male,Graduate,UK,5.4,Facebook,Yes,6.5,6,In Relationship,3,7,Medium,0.8307692307692308,12.5,Low,1
20,Female,Undergraduate,Australia,4.4,Instagram,No,7.4,7,Single,2,5,Medium,0.5945945945945946,14.4,Low,0
22,Male,Graduate,Germany,4.0,Facebook,No,7.6,8,In Relationship,2,4,Low,0.5263157894736842,15.6,Low,0
19,Female,Undergraduate,Japan,3.4,LINE,No,8.2,8,Single,1,3,Low,0.41463414634146345,16.2,Low,0
21,Male,Graduate,Italy,5.3,Instagram,Yes,6.8,5,Single,3,7,Medium,0.7794117647058824,11.8,Low,1
20,Female,Undergraduate,South Korea,5.0,KakaoTalk,Yes,6.7,6,In Relationship,3,6,Medium,0.7462686567164178,12.7,Low,1
22,Male,Graduate,Russia,4.4,VKontakte,No,7.6,7,Single,2,5,Medium,0.5789473684210527,14.6,Low,0
19,Female,Undergraduate,USA,6.6,TikTok,Yes,5.6,4,In Relationship,4,9,High,1.1785714285714286,9.6,Medium,1
21,Male,Graduate,UK,5.3,Instagram,Yes,6.3,6,Single,3,7,Medium,0.8412698412698413,12.3,Low,1
20,Female,Undergraduate,Australia,4.3,Facebook,No,7.5,7,In Relationship,2,5,Medium,0.5733333333333334,14.5,Low,0
22,Male,Graduate,Germany,3.8,Instagram,No,7.7,8,Single,1,4,Low,0.49350649350649345,15.7,Low,0
19,Female,Undergraduate,Japan,3.3,LINE,No,8.3,8,Single,1,3,Low,0.3975903614457831,16.3,Low,0
21,Male,Graduate,Italy,5.2,TikTok,Yes,6.9,5,In Relationship,3,8,High,0.7536231884057971,11.9,Low,1
20,Female,Undergraduate,South Korea,4.8,KakaoTalk,Yes,7.0,6,Single,3,6,Medium,0.6857142857142857,13.0,Low,1
22,Male,Graduate,Russia,4.3,VKontakte,No,7.7,7,In Relationship,2,5,Medium,0.5584415584415584,14.7,Low,0
19,Female,Undergraduate,USA,6.4,Instagram,Yes,5.7,4,Single,4,9,High,1.1228070175438596,9.7,Medium,1
21,Male,Graduate,UK,5.2,Facebook,Yes,6.4,6,In Relationship,3,7,Medium,0.8125,12.4,Low,1
20,Female,Undergraduate,Australia,4.5,Instagram,No,7.3,7,Single,2,5,Medium,0.6164383561643836,14.3,Low,0
22,Male,Graduate,Germany,3.7,Facebook,No,7.8,8,In Relationship,1,4,Low,0.4743589743589744,15.8,Low,0
19,Female,Undergraduate,Japan,3.2,LINE,No,8.4,8,Single,1,3,Low,0.38095238095238093,16.4,Low,0
21,Male,Graduate,Italy,5.4,Instagram,Yes,6.7,5,Single,3,7,Medium,0.8059701492537313,11.7,Low,1
20,Female,Undergraduate,South Korea,4.7,KakaoTalk,Yes,7.1,6,In Relationship,3,6,Medium,0.6619718309859155,13.1,Low,1
22,Male,Graduate,Russia,4.2,VKontakte,No,7.8,7,Single,2,5,Medium,0.5384615384615385,14.8,Low,0
19,Female,Undergraduate,USA,6.6,TikTok,Yes,5.5,4,In Relationship,4,9,High,1.2,9.5,Medium,1
21,Male,Graduate,UK,5.1,Instagram,Yes,6.5,6,Single,3,7,Medium,0.7846153846153846,12.5,Low,1
20,Female,Undergraduate,Australia,4.4,Facebook,No,7.4,7,In Relationship,2,5,Medium,0.5945945945945946,14.4,Low,0
22,Male,Graduate,Germany,3.6,Instagram,No,7.9,8,Single,1,4,Low,0.45569620253164556,15.9,Low,0
19,Female,Undergraduate,Japan,3.1,LINE,No,8.5,8,Single,1,3,Low,0.3647058823529412,16.5,Low,0
21,Male,Graduate,Italy,5.3,TikTok,Yes,6.8,5,In Relationship,3,8,High,0.7794117647058824,11.8,Low,1
20,Female,Undergraduate,South Korea,4.6,KakaoTalk,Yes,7.2,6,Single,3,6,Medium,0.6388888888888888,13.2,Low,1
22,Male,Graduate,Russia,4.1,VKontakte,No,7.9,7,In Relationship,2,5,Medium,0.5189873417721518,14.9,Low,0
19,Female,Undergraduate,USA,6.7,Instagram,Yes,5.4,4,Single,4,9,High,1.2407407407407407,9.4,Medium,1
21,Male,Graduate,UK,5.0,Facebook,Yes,6.6,6,In Relationship,3,7,Medium,0.7575757575757576,12.6,Low,1
20,Female,Undergraduate,Australia,4.3,Instagram,No,7.5,7,Single,2,5,Medium,0.5733333333333334,14.5,Low,0
22,Male,Graduate,Germany,3.5,Facebook,No,8.0,8,In Relationship,1,4,Low,0.4375,16.0,Low,0
19,Female,Undergraduate,Japan,3.0,LINE,No,8.6,8,Single,1,3,Low,0.3488372093023256,16.6,Low,0
21,Male,Graduate,Italy,5.2,Instagram,Yes,6.9,5,Single,3,7,Medium,0.7536231884057971,11.9,Low,1
20,Female,Undergraduate,South Korea,4.5,KakaoTalk,Yes,7.3,6,In Relationship,3,6,Medium,0.6164383561643836,13.3,Low,1
22,Male,Graduate,Russia,4.0,VKontakte,No,8.0,7,Single,2,5,Medium,0.5,15.0,Low,0
19,Female,Undergraduate,USA,6.8,TikTok,Yes,5.3,4,In Relationship,4,9,High,1.2830188679245282,9.3,Medium,1
21,Male,Graduate,UK,4.9,Instagram,Yes,6.7,6,Single,3,7,Medium,0.7313432835820896,12.7,Low,1
20,Female,Undergraduate,Australia,4.2,Facebook,No,7.6,7,In Relationship,2,5,Medium,0.5526315789473685,14.6,Low,0
22,Male,Graduate,Germany,3.4,Instagram,No,8.1,8,Single,1,4,Low,0.4197530864197531,16.1,Low,0
19,Female,Undergraduate,Japan,2.9,LINE,No,8.7,8,Single,1,3,Low,0.33333333333333337,16.7,Low,0
21,Male,Graduate,Italy,5.1,TikTok,Yes,7.0,5,In Relationship,3,8,High,0.7285714285714285,12.0,Low,1
20,Female,Undergraduate,South Korea,4.4,KakaoTalk,Yes,7.4,6,Single,3,6,Medium,0.5945945945945946,13.4,Low,1
22,Male,Graduate,Russia,3.9,VKontakte,No,8.1,7,In Relationship,2,5,Medium,0.4814814814814815,15.1,Low,0
19,Female,Undergraduate,USA,6.9,Instagram,Yes,5.2,4,Single,4,9,High,1.3269230769230769,9.2,Medium,1
21,Male,Graduate,UK,4.8,Facebook,Yes,6.8,6,In Relationship,3,7,Medium,0.7058823529411765,12.8,Low,1
20,Female,Undergraduate,Australia,4.1,Instagram,No,7.7,7,Single,2,5,Medium,0.5324675324675324,14.7,Low,0
22,Male,Graduate,Germany,3.3,Facebook,No,8.2,8,In Relationship,1,4,Low,0.4024390243902439,16.2,Low,0
19,Female,Undergraduate,Japan,2.8,LINE,No,8.8,8,Single,1,3,Low,0.3181818181818181,16.8,Low,0
21,Male,Graduate,Italy,5.0,Instagram,Yes,7.1,5,Single,3,7,Medium,0.7042253521126761,12.1,Low,1
20,Female,Undergraduate,South Korea,4.3,KakaoTalk,Yes,7.5,6,In Relationship,3,6,Medium,0.5733333333333334,13.5,Low,1
22,Male,Graduate,Russia,3.8,VKontakte,No,8.2,7,Single,2,5,Medium,0.4634146341463415,15.2,Low,0
19,Female,Undergraduate,USA,7.0,TikTok,Yes,5.1,4,In Relationship,4,9,High,1.3725490196078431,9.1,Medium,1
21,Male,Graduate,UK,4.7,Instagram,Yes,6.9,6,Single,3,7,Medium,0.6811594202898551,12.9,Low,1
20,Female,Undergraduate,Australia,4.0,Facebook,No,7.8,7,In Relationship,2,5,Medium,0.5128205128205129,14.8,Low,0
22,Male,Graduate,Germany,3.2,Instagram,No,8.3,8,Single,1,4,Low,0.38554216867469876,16.3,Low,0
19,Female,Undergraduate,Japan,2.7,LINE,No,8.9,8,Single,1,3,Low,0.30337078651685395,16.9,Low,0
21,Male,Graduate,Italy,4.9,TikTok,Yes,7.2,5,In Relationship,3,8,High,0.6805555555555556,12.2,Low,1
20,Female,Undergraduate,South Korea,4.2,KakaoTalk,Yes,7.6,6,Single,3,6,Medium,0.5526315789473685,13.6,Low,1
22,Male,Graduate,Russia,3.7,VKontakte,No,8.3,7,In Relationship,2,5,Medium,0.4457831325301205,15.3,Low,0
19,Female,Undergraduate,USA,7.1,Instagram,Yes,5.0,4,Single,4,9,High,1.42,9.0,Medium,1
21,Male,Graduate,UK,4.6,Facebook,Yes,7.0,6,In Relationship,3,7,Medium,0.6571428571428571,13.0,Low,1
20,Female,Undergraduate,Australia,3.9,Instagram,No,7.9,7,Single,2,5,Medium,0.49367088607594933,14.9,Low,0
22,Male,Graduate,Germany,3.1,Facebook,No,8.4,8,In Relationship,1,4,Low,0.36904761904761907,16.4,Low,0
19,Female,Undergraduate,Spain,5.2,Instagram,Yes,6.8,6,Single,3,7,Medium,0.7647058823529412,12.8,Low,1
21,Male,Graduate,Denmark,4.1,Facebook,No,7.8,8,In Relationship,2,4,Low,0.5256410256410257,15.8,Low,0
20,Female,Undergraduate,Ireland,5.0,Instagram,Yes,7.0,7,Single,3,6,Medium,0.7142857142857143,14.0,Low,1
22,Male,Graduate,India,5.8,WhatsApp,Yes,6.5,5,In Relationship,4,8,High,0.8923076923076922,11.5,Medium,1
19,Female,Undergraduate,Switzerland,4.0,Instagram,No,7.9,8,Single,2,4,Low,0.5063291139240506,15.9,Low,0
21,Male,Graduate,Turkey,5.5,Instagram,Yes,6.7,6,Single,3,7,Medium,0.8208955223880596,12.7,Low,1
20,Female,Undergraduate,USA,6.8,TikTok,Yes,5.5,5,In Relationship,4,9,High,1.2363636363636363,10.5,Medium,1
22,Male,Graduate,Mexico,5.6,WhatsApp,Yes,6.6,6,Single,3,7,Medium,0.8484848484848485,12.6,Low,1
19,Female,Undergraduate,France,4.5,Instagram,No,7.5,7,In Relationship,2,5,Medium,0.6,14.5,Low,0
21,Male,Graduate,Canada,5.3,Instagram,Yes,6.9,6,Single,3,7,Medium,0.7681159420289855,12.9,Low,1
20,Female,Undergraduate,Spain,5.1,TikTok,Yes,6.7,6,Single,3,7,Medium,0.7611940298507462,12.7,Low,1
22,Male,Graduate,Denmark,3.9,Facebook,No,7.9,8,In Relationship,2,4,Low,0.49367088607594933,15.9,Low,0
19,Female,Undergraduate,Ireland,4.8,Instagram,Yes,7.1,7,Single,3,6,Medium,0.676056338028169,14.1,Low,1
21,Male,Graduate,India,5.9,WhatsApp,Yes,6.4,5,In Relationship,4,8,High,0.921875,11.4,Medium,1
20,Female,Undergraduate,Switzerland,3.8,Instagram,No,8.0,8,Single,2,4,Low,0.475,16.0,Low,0
22,Male,Graduate,Turkey,5.4,TikTok,Yes,6.8,6,Single,3,7,Medium,0.7941176470588236,12.8,Low,1
19,Female,Undergraduate,USA,6.9,Instagram,Yes,5.4,5,In Relationship,4,9,High,1.2777777777777777,10.4,Medium,1
21,Male,Graduate,Mexico,5.7,WhatsApp,Yes,6.5,6,Single,3,7,Medium,0.8769230769230769,12.5,Low,1
20,Female,Undergraduate,France,4.4,Instagram,No,7.6,7,In Relationship,2,5,Medium,0.5789473684210527,14.6,Low,0
22,Male,Graduate,Canada,5.2,TikTok,Yes,7.0,6,Single,3,7,Medium,0.7428571428571429,13.0,Low,1
19,Female,Undergraduate,Spain,5.0,Instagram,Yes,6.9,6,Single,3,7,Medium,0.7246376811594203,12.9,Low,1
21,Male,Graduate,Denmark,3.8,Facebook,No,8.0,8,In Relationship,2,4,Low,0.475,16.0,Low,0
20,Female,Undergraduate,Ireland,4.7,TikTok,Yes,7.2,7,Single,3,6,Medium,0.6527777777777778,14.2,Low,1
22,Male,Graduate,India,6.0,WhatsApp,Yes,6.3,5,In Relationship,4,8,High,0.9523809523809524,11.3,Medium,1
19,Female,Undergraduate,Switzerland,3.7,Instagram,No,8.1,8,Single,2,4,Low,0.45679012345679015,16.1,Low,0
21,Male,Graduate,Turkey,5.3,Instagram,Yes,6.9,6,Single,3,7,Medium,0.7681159420289855,12.9,Low,1
20,Female,Undergraduate,USA,7.0,TikTok,Yes,5.3,5,In Relationship,4,9,High,1.3207547169811322,10.3,Medium,1
22,Male,Graduate,Mexico,5.8,WhatsApp,Yes,6.4,6,Single,3,7,Medium,0.9062499999999999,12.4,Low,1
19,Female,Undergraduate,France,4.3,Instagram,No,7.7,7,In Relationship,2,5,Medium,0.5584415584415584,14.7,Low,0
21,Male,Graduate,Canada,5.1,Instagram,Yes,7.1,6,Single,3,7,Medium,0.7183098591549295,13.1,Low,1
20,Female,Undergraduate,Spain,4.9,TikTok,Yes,7.0,6,Single,3,7,Medium,0.7000000000000001,13.0,Low,1
22,Male,Graduate,Denmark,3.7,Facebook,No,8.1,8,In Relationship,2,4,Low,0.45679012345679015,16.1,Low,0
19,Female,Undergraduate,Ireland,4.6,Instagram,Yes,7.3,7,Single,3,6,Medium,0.6301369863013698,14.3,Low,1
21,Male,Graduate,India,6.1,WhatsApp,Yes,6.2,5,In Relationship,4,8,High,0.9838709677419354,11.2,Medium,1
20,Female,Undergraduate,Switzerland,3.6,Instagram,No,8.2,8,Single,2,4,Low,0.4390243902439025,16.2,Low,0
22,Male,Graduate,Turkey,5.2,TikTok,Yes,7.0,6,Single,3,7,Medium,0.7428571428571429,13.0,Low,1
19,Female,Undergraduate,USA,7.1,Instagram,Yes,5.2,5,In Relationship,4,9,High,1.3653846153846152,10.2,Medium,1
21,Male,Graduate,Mexico,5.9,WhatsApp,Yes,6.3,6,Single,3,7,Medium,0.9365079365079366,12.3,Low,1
20,Female,Undergraduate,France,4.2,Instagram,No,7.8,7,In Relationship,2,5,Medium,0.5384615384615385,14.8,Low,0
22,Male,Graduate,Canada,5.0,TikTok,Yes,7.2,6,Single,3,7,Medium,0.6944444444444444,13.2,Low,1
19,Female,Undergraduate,Spain,4.8,Instagram,Yes,7.1,6,Single,3,7,Medium,0.676056338028169,13.1,Low,1
21,Male,Graduate,Denmark,3.6,Facebook,No,8.2,8,In Relationship,2,4,Low,0.4390243902439025,16.2,Low,0
20,Female,Undergraduate,Ireland,4.5,TikTok,Yes,7.4,7,Single,3,6,Medium,0.6081081081081081,14.4,Low,1
22,Male,Graduate,India,6.2,WhatsApp,Yes,6.1,5,In Relationship,4,8,High,1.0163934426229508,11.1,Medium,1
19,Female,Undergraduate,Switzerland,3.5,Instagram,No,8.3,8,Single,2,4,Low,0.4216867469879518,16.3,Low,0
21,Male,Graduate,Turkey,5.1,Instagram,Yes,7.1,6,Single,3,7,Medium,0.7183098591549295,13.1,Low,1
20,Female,Undergraduate,USA,7.2,TikTok,Yes,5.1,5,In Relationship,4,9,High,1.411764705882353,10.1,Medium,1
22,Male,Graduate,Mexico,6.0,WhatsApp,Yes,6.2,6,Single,3,7,Medium,0.9677419354838709,12.2,Low,1
19,Female,Undergraduate,France,4.1,Instagram,No,7.9,7,In Relationship,2,5,Medium,0.5189873417721518,14.9,Low,0
21,Male,Graduate,Canada,4.9,Instagram,Yes,7.3,6,Single,3,7,Medium,0.6712328767123288,13.3,Low,1
20,Female,Undergraduate,Spain,4.7,TikTok,Yes,7.2,6,Single,3,7,Medium,0.6527777777777778,13.2,Low,1
22,Male,Graduate,Denmark,3.5,Facebook,No,8.3,8,In Relationship,2,4,Low,0.4216867469879518,16.3,Low,0
19,Female,Undergraduate,Ireland,4.4,Instagram,Yes,7.5,7,Single,3,6,Medium,0.5866666666666667,14.5,Low,1
21,Male,Graduate,India,6.3,WhatsApp,Yes,6.0,5,In Relationship,4,8,High,1.05,11.0,Medium,1
20,Female,Undergraduate,Switzerland,3.4,Instagram,No,8.4,8,Single,2,4,Low,0.4047619047619047,16.4,Low,0
22,Male,Graduate,Turkey,5.0,TikTok,Yes,7.2,6,Single,3,7,Medium,0.6944444444444444,13.2,Low,1
19,Female,Undergraduate,USA,7.3,Instagram,Yes,5.0,5,In Relationship,4,9,High,1.46,10.0,Medium,1
21,Male,Graduate,Mexico,6.1,WhatsApp,Yes,6.1,6,Single,3,7,Medium,1.0,12.1,Low,1
20,Female,Undergraduate,France,4.0,Instagram,No,8.0,7,In Relationship,2,5,Medium,0.5,15.0,Low,0
22,Male,Graduate,Canada,4.8,TikTok,Yes,7.4,6,Single,3,7,Medium,0.6486486486486486,13.4,Low,1
19,Female,Undergraduate,Spain,4.6,Instagram,Yes,7.3,6,Single,3,7,Medium,0.6301369863013698,13.3,Low,1
21,Male,Graduate,Denmark,3.4,Facebook,No,8.4,8,In Relationship,2,4,Low,0.4047619047619047,16.4,Low,0
20,Female,Undergraduate,Ireland,4.3,TikTok,Yes,7.6,7,Single,3,6,Medium,0.5657894736842105,14.6,Low,1
22,Male,Graduate,India,6.4,WhatsApp,Yes,5.9,5,In Relationship,4,8,High,1.0847457627118644,10.9,Medium,1
19,Female,Undergraduate,Switzerland,3.3,Instagram,No,8.5,8,Single,2,4,Low,0.388235294117647,16.5,Low,0
21,Male,Graduate,Turkey,4.9,Instagram,Yes,7.3,6,Single,3,7,Medium,0.6712328767123288,13.3,Low,1
20,Female,Undergraduate,USA,7.4,TikTok,Yes,4.9,5,In Relationship,4,9,High,1.510204081632653,9.9,Medium,1
22,Male,Graduate,Mexico,6.2,WhatsApp,Yes,6.0,6,Single,3,7,Medium,1.0333333333333334,12.0,Low,1
19,Female,Undergraduate,France,3.9,Instagram,No,8.1,7,In Relationship,2,5,Medium,0.4814814814814815,15.1,Low,0
21,Male,Graduate,Canada,4.7,Instagram,Yes,7.5,6,Single,3,7,Medium,0.6266666666666667,13.5,Low,1
20,Female,Undergraduate,Spain,4.5,TikTok,Yes,7.4,6,Single,3,7,Medium,0.6081081081081081,13.4,Low,1
22,Male,Graduate,Denmark,3.3,Facebook,No,8.5,8,In Relationship,2,4,Low,0.388235294117647,16.5,Low,0
19,Female,Undergraduate,Ireland,4.2,Instagram,Yes,7.7,7,Single,3,6,Medium,0.5454545454545454,14.7,Low,1
21,Male,Graduate,India,6.5,WhatsApp,Yes,5.8,5,In Relationship,4,8,High,1.120689655172414,10.8,Medium,1
20,Female,Undergraduate,Switzerland,3.2,Instagram,No,8.6,8,Single,2,4,Low,0.372093023255814,16.6,Low,0
22,Male,Graduate,Turkey,4.8,TikTok,Yes,7.4,6,Single,3,7,Medium,0.6486486486486486,13.4,Low,1
19,Female,Undergraduate,USA,7.5,Instagram,Yes,4.8,5,In Relationship,4,9,High,1.5625,9.8,Medium,1
21,Male,Graduate,Mexico,6.3,WhatsApp,Yes,5.9,6,Single,3,7,Medium,1.0677966101694913,11.9,Low,1
20,Female,Undergraduate,France,3.8,Instagram,No,8.2,7,In Relationship,2,5,Medium,0.4634146341463415,15.2,Low,0
22,Male,Graduate,Canada,4.6,TikTok,Yes,7.6,6,Single,3,7,Medium,0.6052631578947368,13.6,Low,1
19,Female,Undergraduate,Spain,4.4,Instagram,Yes,7.5,6,Single,3,7,Medium,0.5866666666666667,13.5,Low,1
21,Male,Graduate,Denmark,3.2,Facebook,No,8.6,8,In Relationship,2,4,Low,0.372093023255814,16.6,Low,0
20,Female,Undergraduate,Ireland,4.1,TikTok,Yes,7.8,7,Single,3,6,Medium,0.5256410256410257,14.8,Low,1
22,Male,Graduate,India,6.6,WhatsApp,Yes,5.7,5,In Relationship,4,8,High,1.157894736842105,10.7,Medium,1
19,Female,Undergraduate,Switzerland,3.1,Instagram,No,8.7,8,Single,2,4,Low,0.35632183908045983,16.7,Low,0
21,Male,Graduate,Turkey,4.7,Instagram,Yes,7.5,6,Single,3,7,Medium,0.6266666666666667,13.5,Low,1
20,Female,Undergraduate,USA,7.6,TikTok,Yes,4.7,5,In Relationship,4,9,High,1.6170212765957446,9.7,Medium,1
22,Male,Graduate,Mexico,6.4,WhatsApp,Yes,5.8,6,Single,3,7,Medium,1.103448275862069,11.8,Low,1
19,Female,Undergraduate,France,3.7,Instagram,No,8.3,7,In Relationship,2,5,Medium,0.4457831325301205,15.3,Low,0
21,Male,Graduate,Canada,4.5,Instagram,Yes,7.7,6,Single,3,7,Medium,0.5844155844155844,13.7,Low,1
20,Female,Undergraduate,Spain,4.3,TikTok,Yes,7.6,6,Single,3,7,Medium,0.5657894736842105,13.6,Low,1
22,Male,Graduate,Denmark,3.1,Facebook,No,8.7,8,In Relationship,2,4,Low,0.35632183908045983,16.7,Low,0
19,Female,Undergraduate,Ireland,4.0,Instagram,Yes,7.9,7,Single,3,6,Medium,0.5063291139240506,14.9,Low,1
21,Male,Graduate,India,6.7,WhatsApp,Yes,5.6,5,In Relationship,4,8,High,1.1964285714285716,10.6,Medium,1
20,Female,Undergraduate,Switzerland,3.0,Instagram,No,8.8,8,Single,2,4,Low,0.3409090909090909,16.8,Low,0
22,Male,Graduate,Turkey,4.6,TikTok,Yes,7.6,6,Single,3,7,Medium,0.6052631578947368,13.6,Low,1
19,Female,Undergraduate,USA,7.7,Instagram,Yes,4.6,5,In Relationship,4,9,High,1.673913043478261,9.6,Medium,1
21,Male,Graduate,Mexico,6.5,WhatsApp,Yes,5.7,6,Single,3,7,Medium,1.1403508771929824,11.7,Low,1
20,Female,Undergraduate,France,3.6,Instagram,No,8.4,7,In Relationship,2,5,Medium,0.42857142857142855,15.4,Low,0
22,Male,Graduate,Canada,4.4,TikTok,Yes,7.8,6,Single,3,7,Medium,0.5641025641025642,13.8,Low,1
19,Female,Undergraduate,Spain,4.2,Instagram,Yes,7.7,6,Single,3,7,Medium,0.5454545454545454,13.7,Low,1
21,Male,Graduate,Denmark,3.0,Facebook,No,8.8,8,In Relationship,2,4,Low,0.3409090909090909,16.8,Low,0
20,Female,Undergraduate,Ireland,3.9,TikTok,Yes,8.0,7,Single,3,6,Medium,0.4875,15.0,Low,1
22,Male,Graduate,India,6.8,WhatsApp,Yes,5.5,5,In Relationship,4,8,High,1.2363636363636363,10.5,Medium,1
19,Female,Undergraduate,Switzerland,2.9,Instagram,No,8.9,8,Single,2,4,Low,0.32584269662921345,16.9,Low,0
21,Male,Graduate,Turkey,4.5,Instagram,Yes,7.7,6,Single,3,7,Medium,0.5844155844155844,13.7,Low,1
20,Female,Undergraduate,USA,7.8,TikTok,Yes,4.5,5,In Relationship,4,9,High,1.7333333333333334,9.5,Medium,1
22,Male,Graduate,Mexico,6.6,WhatsApp,Yes,5.6,6,Single,3,7,Medium,1.1785714285714286,11.6,Low,1
19,Female,Undergraduate,France,3.5,Instagram,No,8.5,7,In Relationship,2,5,Medium,0.4117647058823529,15.5,Low,0
21,Male,Graduate,Canada,4.3,Instagram,Yes,7.9,6,Single,3,7,Medium,0.5443037974683543,13.9,Low,1
20,Female,Undergraduate,Spain,4.1,TikTok,Yes,7.8,6,Single,3,7,Medium,0.5256410256410257,13.8,Low,1
22,Male,Graduate,Denmark,2.9,Facebook,No,8.9,8,In Relationship,2,4,Low,0.32584269662921345,16.9,Low,0
19,Female,Undergraduate,Ireland,3.8,Instagram,Yes,8.1,7,Single,3,6,Medium,0.4691358024691358,15.1,Low,1
21,Male,Graduate,India,6.9,WhatsApp,Yes,5.4,5,In Relationship,4,8,High,1.2777777777777777,10.4,Medium,1
20,Female,Undergraduate,Switzerland,2.8,Instagram,No,9.0,8,Single,2,4,Low,0.3111111111111111,17.0,Low,0
22,Male,Graduate,Turkey,4.4,TikTok,Yes,7.8,6,Single,3,7,Medium,0.5641025641025642,13.8,Low,1
19,Female,Undergraduate,USA,7.9,Instagram,Yes,4.4,5,In Relationship,4,9,High,1.7954545454545454,9.4,Medium,1
21,Male,Graduate,Mexico,6.7,WhatsApp,Yes,5.5,6,Single,3,7,Medium,1.2181818181818183,11.5,Low,1
20,Female,Undergraduate,France,3.4,Instagram,No,8.6,7,In Relationship,2,5,Medium,0.3953488372093023,15.6,Low,0
22,Male,Graduate,Canada,4.2,TikTok,Yes,8.0,6,Single,3,7,Medium,0.525,14.0,Low,1
19,Female,Undergraduate,Spain,4.0,Instagram,Yes,7.9,6,Single,3,7,Medium,0.5063291139240506,13.9,Low,1
21,Male,Graduate,Denmark,2.8,Facebook,No,9.0,8,In Relationship,2,4,Low,0.3111111111111111,17.0,Low,0
20,Female,Undergraduate,Ireland,3.7,TikTok,Yes,8.2,7,Single,3,6,Medium,0.451219512195122,15.2,Low,1
22,Male,Graduate,India,7.0,WhatsApp,Yes,5.3,5,In Relationship,4,8,High,1.3207547169811322,10.3,Medium,1
19,Female,Undergraduate,Switzerland,2.7,Instagram,No,9.1,8,Single,2,4,Low,0.29670329670329676,17.1,Low,0
21,Male,Graduate,Turkey,4.3,Instagram,Yes,7.9,6,Single,3,7,Medium,0.5443037974683543,13.9,Low,1
20,Female,Undergraduate,USA,8.0,TikTok,Yes,4.3,5,In Relationship,4,9,High,1.8604651162790697,9.3,Medium,1
22,Male,Graduate,Mexico,6.8,WhatsApp,Yes,5.4,6,Single,3,7,Medium,1.259259259259259,11.4,Low,1
19,Female,Undergraduate,France,3.3,Instagram,No,8.7,7,In Relationship,2,5,Medium,0.37931034482758624,15.7,Low,0
21,Male,Graduate,Canada,4.1,Instagram,Yes,8.1,6,Single,3,7,Medium,0.5061728395061729,14.1,Low,1
20,Female,Undergraduate,Spain,3.9,TikTok,Yes,8.0,6,Single,3,7,Medium,0.4875,14.0,Low,1
22,Male,Graduate,Denmark,2.7,Facebook,No,9.1,8,In Relationship,2,4,Low,0.29670329670329676,17.1,Low,0
19,Female,Undergraduate,Ireland,3.6,Instagram,Yes,8.3,7,Single,3,6,Medium,0.4337349397590361,15.3,Low,1
21,Male,Graduate,India,7.1,WhatsApp,Yes,5.2,5,In Relationship,4,8,High,1.3653846153846152,10.2,Medium,1
20,Female,Undergraduate,Switzerland,2.6,Instagram,No,9.2,8,Single,2,4,Low,0.28260869565217395,17.2,Low,0
22,Male,Graduate,Turkey,4.2,TikTok,Yes,8.0,6,Single,3,7,Medium,0.525,14.0,Low,1
19,Female,Undergraduate,USA,8.1,Instagram,Yes,4.2,5,In Relationship,4,9,High,1.9285714285714284,9.2,Medium,1
21,Male,Graduate,Mexico,6.9,WhatsApp,Yes,5.3,6,Single,3,7,Medium,1.3018867924528303,11.3,Low,1
20,Female,Undergraduate,France,3.2,Instagram,No,8.8,7,In Relationship,2,5,Medium,0.36363636363636365,15.8,Low,0
22,Male,Graduate,Canada,4.0,TikTok,Yes,8.2,6,Single,3,7,Medium,0.48780487804878053,14.2,Low,1
19,Female,Undergraduate,Spain,3.8,Instagram,Yes,8.1,6,Single,3,7,Medium,0.4691358024691358,14.1,Low,1
21,Male,Graduate,Denmark,2.6,Facebook,No,9.2,8,In Relationship,2,4,Low,0.28260869565217395,17.2,Low,0
20,Female,Undergraduate,Ireland,3.5,TikTok,Yes,8.4,7,Single,3,6,Medium,0.41666666666666663,15.4,Low,1
22,Male,Graduate,India,7.2,WhatsApp,Yes,5.1,5,In Relationship,4,8,High,1.411764705882353,10.1,Medium,1
19,Female,Undergraduate,Switzerland,2.5,Instagram,No,9.3,8,Single,2,4,Low,0.26881720430107525,17.3,Low,0
21,Male,Graduate,Turkey,4.1,Instagram,Yes,8.1,6,Single,3,7,Medium,0.5061728395061729,14.1,Low,1
20,Female,Undergraduate,USA,8.2,TikTok,Yes,4.1,5,In Relationship,4,9,High,2.0,9.1,Medium,1
22,Male,Graduate,Mexico,7.0,WhatsApp,Yes,5.2,6,Single,3,7,Medium,1.346153846153846,11.2,Low,1
19,Female,Undergraduate,France,3.1,Instagram,No,8.9,7,In Relationship,2,5,Medium,0.34831460674157305,15.9,Low,0
21,Male,Graduate,Canada,3.9,Instagram,Yes,8.3,6,Single,3,7,Medium,0.4698795180722891,14.3,Low,1
20,Female,Undergraduate,Spain,3.7,TikTok,Yes,8.2,6,Single,3,7,Medium,0.451219512195122,14.2,Low,1
22,Male,Graduate,Denmark,2.5,Facebook,No,9.3,8,In Relationship,2,4,Low,0.26881720430107525,17.3,Low,0
19,Female,Undergraduate,Ireland,3.4,Instagram,Yes,8.5,7,Single,3,6,Medium,0.39999999999999997,15.5,Low,1
21,Male,Graduate,India,7.3,WhatsApp,Yes,5.0,5,In Relationship,4,8,High,1.46,10.0,Medium,1
20,Female,Undergraduate,Switzerland,2.4,Instagram,No,9.4,8,Single,2,4,Low,0.2553191489361702,17.4,Low,0
22,Male,Graduate,Turkey,4.0,TikTok,Yes,8.2,6,Single,3,7,Medium,0.48780487804878053,14.2,Low,1
19,Female,Undergraduate,USA,8.3,Instagram,Yes,4.0,5,In Relationship,4,9,High,2.075,9.0,Medium,1
21,Male,Graduate,Mexico,7.1,WhatsApp,Yes,5.1,6,Single,3,7,Medium,1.392156862745098,11.1,Low,1
20,Female,Undergraduate,France,3.0,Instagram,No,9.0,7,In Relationship,2,5,Medium,0.3333333333333333,16.0,Low,0
22,Male,Graduate,Canada,3.8,TikTok,Yes,8.4,6,Single,3,7,Medium,0.45238095238095233,14.4,Low,1
19,Female,Undergraduate,Spain,3.6,Instagram,Yes,8.3,6,Single,3,7,Medium,0.4337349397590361,14.3,Low,1
21,Male,Graduate,Denmark,2.4,Facebook,No,9.4,8,In Relationship,2,4,Low,0.2553191489361702,17.4,Low,0
20,Female,Undergraduate,Ireland,3.3,TikTok,Yes,8.6,7,Single,3,6,Medium,0.38372093023255816,15.6,Low,1
22,Male,Graduate,India,7.4,WhatsApp,Yes,4.9,5,In Relationship,4,8,High,1.510204081632653,9.9,Medium,1
19,Female,Undergraduate,Switzerland,2.3,Instagram,No,9.5,8,Single,2,4,Low,0.2421052631578947,17.5,Low,0
21,Male,Graduate,Turkey,3.9,Instagram,Yes,8.3,6,Single,3,7,Medium,0.4698795180722891,14.3,Low,1
20,Female,Undergraduate,USA,8.4,TikTok,Yes,3.9,5,In Relationship,4,9,High,2.153846153846154,8.9,Medium,1
22,Male,Graduate,Mexico,7.2,WhatsApp,Yes,5.0,6,Single,3,7,Medium,1.44,11.0,Low,1
19,Female,Undergraduate,France,2.9,Instagram,No,9.1,7,In Relationship,2,5,Medium,0.31868131868131866,16.1,Low,0
21,Male,Graduate,Canada,3.7,Instagram,Yes,8.5,6,Single,3,7,Medium,0.43529411764705883,14.5,Low,1
20,Female,Undergraduate,Spain,3.5,TikTok,Yes,8.4,6,Single,3,7,Medium,0.41666666666666663,14.4,Low,1
22,Male,Graduate,Denmark,2.3,Facebook,No,9.5,8,In Relationship,2,4,Low,0.2421052631578947,17.5,Low,0
19,Female,Undergraduate,Ireland,3.2,Instagram,Yes,8.7,7,Single,3,6,Medium,0.36781609195402304,15.7,Low,1
21,Male,Graduate,India,7.5,WhatsApp,Yes,4.8,5,In Relationship,4,8,High,1.5625,9.8,Medium,1
20,Female,Undergraduate,Switzerland,2.2,Instagram,No,9.6,8,Single,2,4,Low,0.22916666666666669,17.6,Low,0
22,Male,Graduate,Turkey,3.8,TikTok,Yes,8.4,6,Single,3,7,Medium,0.45238095238095233,14.4,Low,1
19,Female,Undergraduate,USA,8.5,Instagram,Yes,3.8,5,In Relationship,4,9,High,2.236842105263158,8.8,Medium,1
21,Male,Graduate,Mexico,7.3,WhatsApp,Yes,4.9,6,Single,3,7,Medium,1.4897959183673468,10.9,Low,1
20,Female,Undergraduate,France,2.8,Instagram,No,9.2,7,In Relationship,2,5,Medium,0.30434782608695654,16.2,Low,0
22,Male,Graduate,Canada,3.6,TikTok,Yes,8.6,6,Single,3,7,Medium,0.4186046511627907,14.6,Low,1
19,Female,Undergraduate,Brazil,6.2,WhatsApp,Yes,6.3,6,Single,3,7,Medium,0.9841269841269842,12.3,Low,1
21,Male,Graduate,China,4.5,WeChat,No,7.8,7,In Relationship,2,5,Medium,0.576923076923077,14.8,Low,0
20,Female,Undergraduate,Netherlands,3.8,Instagram,No,8.2,8,Single,2,4,Low,0.4634146341463415,16.2,Low,0
22,Male,Graduate,New Zealand,4.7,Instagram,Yes,7.5,7,In Relationship,3,6,Medium,0.6266666666666667,14.5,Low,1
19,Female,Undergraduate,Singapore,5.1,TikTok,Yes,7.0,6,Single,3,7,Medium,0.7285714285714285,13.0,Low,1
21,Male,Graduate,Malaysia,5.5,WhatsApp,Yes,6.8,6,Single,3,7,Medium,0.8088235294117647,12.8,Low,1
20,Female,Undergraduate,UAE,6.5,Instagram,Yes,6.5,5,In Relationship,4,8,High,1.0,11.5,Medium,1
22,Male,Graduate,Poland,4.2,Facebook,No,7.9,7,Single,2,5,Medium,0.5316455696202531,14.9,Low,0
19,Female,Undergraduate,India,6.8,WhatsApp,Yes,6.0,5,In Relationship,4,8,High,1.1333333333333333,11.0,Medium,1
21,Male,Graduate,Canada,4.8,Instagram,Yes,7.4,7,Single,3,6,Medium,0.6486486486486486,14.4,Low,1
20,Female,Undergraduate,Brazil,6.1,Instagram,Yes,6.4,6,Single,3,7,Medium,0.9531249999999999,12.4,Low,1
22,Male,Graduate,China,4.4,WeChat,No,7.9,7,In Relationship,2,5,Medium,0.5569620253164557,14.9,Low,0
19,Female,Undergraduate,Netherlands,3.7,TikTok,No,8.3,8,Single,2,4,Low,0.4457831325301205,16.3,Low,0
21,Male,Graduate,New Zealand,4.6,Instagram,Yes,7.6,7,In Relationship,3,6,Medium,0.6052631578947368,14.6,Low,1
20,Female,Undergraduate,Singapore,5.2,TikTok,Yes,6.9,6,Single,3,7,Medium,0.7536231884057971,12.9,Low,1
22,Male,Graduate,Malaysia,5.6,WhatsApp,Yes,6.7,6,Single,3,7,Medium,0.835820895522388,12.7,Low,1
19,Female,Undergraduate,UAE,6.6,Instagram,Yes,6.4,5,In Relationship,4,8,High,1.0312499999999998,11.4,Medium,1
21,Male,Graduate,Poland,4.1,Facebook,No,8.0,7,Single,2,5,Medium,0.5125,15.0,Low,0
20,Female,Undergraduate,India,6.9,WhatsApp,Yes,5.9,5,In Relationship,4,8,High,1.1694915254237288,10.9,Medium,1
22,Male,Graduate,Canada,4.7,TikTok,Yes,7.5,7,Single,3,6,Medium,0.6266666666666667,14.5,Low,1
19,Female,Undergraduate,Brazil,6.0,WhatsApp,Yes,6.5,6,Single,3,7,Medium,0.9230769230769231,12.5,Low,1
21,Male,Graduate,China,4.3,WeChat,No,8.0,7,In Relationship,2,5,Medium,0.5375,15.0,Low,0
20,Female,Undergraduate,Netherlands,3.6,Instagram,No,8.4,8,Single,2,4,Low,0.42857142857142855,16.4,Low,0
22,Male,Graduate,New Zealand,4.5,Facebook,Yes,7.7,7,In Relationship,3,6,Medium,0.5844155844155844,14.7,Low,1
19,Female,Undergraduate,Singapore,5.3,TikTok,Yes,6.8,6,Single,3,7,Medium,0.7794117647058824,12.8,Low,1
21,Male,Graduate,Malaysia,5.7,WhatsApp,Yes,6.6,6,Single,3,7,Medium,0.8636363636363638,12.6,Low,1
20,Female,Undergraduate,UAE,6.7,Instagram,Yes,6.3,5,In Relationship,4,8,High,1.0634920634920635,11.3,Medium,1
22,Male,Graduate,Poland,4.0,Facebook,No,8.1,7,Single,2,5,Medium,0.4938271604938272,15.1,Low,0
19,Female,Undergraduate,India,7.0,WhatsApp,Yes,5.8,5,In Relationship,4,8,High,1.206896551724138,10.8,Medium,1
21,Male,Graduate,Canada,4.6,Instagram,Yes,7.6,7,Single,3,6,Medium,0.6052631578947368,14.6,Low,1
20,Female,Undergraduate,Brazil,5.9,TikTok,Yes,6.6,6,Single,3,7,Medium,0.893939393939394,12.6,Low,1
22,Male,Graduate,China,4.2,WeChat,No,8.1,7,In Relationship,2,5,Medium,0.5185185185185186,15.1,Low,0
19,Female,Undergraduate,Netherlands,3.5,Instagram,No,8.5,8,Single,2,4,Low,0.4117647058823529,16.5,Low,0
21,Male,Graduate,New Zealand,4.4,Facebook,Yes,7.8,7,In Relationship,3,6,Medium,0.5641025641025642,14.8,Low,1
20,Female,Undergraduate,Singapore,5.4,TikTok,Yes,6.7,6,Single,3,7,Medium,0.8059701492537313,12.7,Low,1
22,Male,Graduate,Malaysia,5.8,WhatsApp,Yes,6.5,6,Single,3,7,Medium,0.8923076923076922,12.5,Low,1
19,Female,Undergraduate,UAE,6.8,Instagram,Yes,6.2,5,In Relationship,4,8,High,1.096774193548387,11.2,Medium,1
21,Male,Graduate,Poland,3.9,Facebook,No,8.2,7,Single,2,5,Medium,0.475609756097561,15.2,Low,0
20,Female,Undergraduate,India,7.1,WhatsApp,Yes,5.7,5,In Relationship,4,8,High,1.2456140350877192,10.7,Medium,1
22,Male,Graduate,Canada,4.5,TikTok,Yes,7.7,7,Single,3,6,Medium,0.5844155844155844,14.7,Low,1
19,Female,Undergraduate,Brazil,5.8,WhatsApp,Yes,6.7,6,Single,3,7,Medium,0.8656716417910447,12.7,Low,1
21,Male,Graduate,China,4.1,WeChat,No,8.2,7,In Relationship,2,5,Medium,0.5,15.2,Low,0
20,Female,Undergraduate,Netherlands,3.4,Instagram,No,8.6,8,Single,2,4,Low,0.3953488372093023,16.6,Low,0
22,Male,Graduate,New Zealand,4.3,Instagram,Yes,7.9,7,In Relationship,3,6,Medium,0.5443037974683543,14.9,Low,1
19,Female,Undergraduate,Singapore,5.5,TikTok,Yes,6.6,6,Single,3,7,Medium,0.8333333333333334,12.6,Low,1
21,Male,Graduate,Malaysia,5.9,WhatsApp,Yes,6.4,6,Single,3,7,Medium,0.921875,12.4,Low,1
20,Female,Undergraduate,UAE,6.9,Instagram,Yes,6.1,5,In Relationship,4,8,High,1.1311475409836067,11.1,Medium,1
22,Male,Graduate,Poland,3.8,Facebook,No,8.3,7,Single,2,5,Medium,0.45783132530120474,15.3,Low,0
19,Female,Undergraduate,India,7.2,WhatsApp,Yes,5.6,5,In Relationship,4,8,High,1.2857142857142858,10.6,Medium,1
21,Male,Graduate,Canada,4.4,Instagram,Yes,7.8,7,Single,3,6,Medium,0.5641025641025642,14.8,Low,1
20,Female,Undergraduate,Brazil,5.7,TikTok,Yes,6.8,6,Single,3,7,Medium,0.8382352941176471,12.8,Low,1
22,Male,Graduate,China,4.0,WeChat,No,8.3,7,In Relationship,2,5,Medium,0.48192771084337344,15.3,Low,0
19,Female,Undergraduate,Netherlands,3.3,Instagram,No,8.7,8,Single,2,4,Low,0.37931034482758624,16.7,Low,0
21,Male,Graduate,New Zealand,4.2,Facebook,Yes,8.0,7,In Relationship,3,6,Medium,0.525,15.0,Low,1
20,Female,Undergraduate,Singapore,5.6,TikTok,Yes,6.5,6,Single,3,7,Medium,0.8615384615384615,12.5,Low,1
22,Male,Graduate,Malaysia,6.0,WhatsApp,Yes,6.3,6,Single,3,7,Medium,0.9523809523809524,12.3,Low,1
19,Female,Undergraduate,UAE,7.0,Instagram,Yes,6.0,5,In Relationship,4,8,High,1.1666666666666667,11.0,Medium,1
21,Male,Graduate,Poland,3.7,Facebook,No,8.4,7,Single,2,5,Medium,0.44047619047619047,15.4,Low,0
20,Female,Undergraduate,India,7.3,WhatsApp,Yes,5.5,5,In Relationship,4,8,High,1.3272727272727272,10.5,Medium,1
22,Male,Graduate,Canada,4.3,TikTok,Yes,7.9,7,Single,3,6,Medium,0.5443037974683543,14.9,Low,1
19,Female,Undergraduate,Brazil,5.6,WhatsApp,Yes,6.9,6,Single,3,7,Medium,0.8115942028985507,12.9,Low,1
21,Male,Graduate,China,3.9,WeChat,No,8.4,7,In Relationship,2,5,Medium,0.46428571428571425,15.4,Low,0
20,Female,Undergraduate,Netherlands,3.2,Instagram,No,8.8,8,Single,2,4,Low,0.36363636363636365,16.8,Low,0
22,Male,Graduate,New Zealand,4.1,Instagram,Yes,8.1,7,In Relationship,3,6,Medium,0.5061728395061729,15.1,Low,1
19,Female,Undergraduate,Singapore,5.7,TikTok,Yes,6.4,6,Single,3,7,Medium,0.890625,12.4,Low,1
21,Male,Graduate,Malaysia,6.1,WhatsApp,Yes,6.2,6,Single,3,7,Medium,0.9838709677419354,12.2,Low,1
20,Female,Undergraduate,UAE,7.1,Instagram,Yes,5.9,5,In Relationship,4,8,High,1.2033898305084745,10.9,Medium,1
22,Male,Graduate,Poland,3.6,Facebook,No,8.5,7,Single,2,5,Medium,0.4235294117647059,15.5,Low,0
19,Female,Undergraduate,India,7.4,WhatsApp,Yes,5.4,5,In Relationship,4,8,High,1.3703703703703702,10.4,Medium,1
21,Male,Graduate,Canada,4.2,Instagram,Yes,8.0,7,Single,3,6,Medium,0.525,15.0,Low,1
20,Female,Undergraduate,Spain,6.1,Instagram,Yes,7.2,5,Single,4,7,Medium,0.8472222222222221,12.2,Medium,1
23,Male,Graduate,Denmark,3.8,Twitter,No,7.8,8,In Relationship,2,4,Low,0.48717948717948717,15.8,Low,0
19,Female,Undergraduate,Ireland,5.5,TikTok,Yes,6.8,6,Single,4,8,High,0.8088235294117647,12.8,Medium,1
22,Male,Graduate,India,7.2,Facebook,Yes,5.9,4,Single,5,9,High,1.2203389830508473,9.9,Medium,1
21,Female,Undergraduate,Switzerland,4.2,Instagram,No,7.5,7,In Relationship,2,5,Medium,0.56,14.5,Low,0
24,Male,Graduate,Turkey,6.8,TikTok,Yes,6.2,5,Single,4,8,High,1.096774193548387,11.2,Medium,1
20,Female,Undergraduate,USA,5.9,Instagram,Yes,6.7,6,In Relationship,3,7,Medium,0.8805970149253731,12.7,Low,1
22,Male,Graduate,Mexico,6.5,Facebook,Yes,6.1,5,Single,4,8,High,1.0655737704918034,11.1,Medium,1
19,Female,Undergraduate,France,4.7,Twitter,No,7.4,7,Single,2,5,Medium,0.6351351351351351,14.4,Low,0
23,Male,Graduate,Canada,5.2,Instagram,Yes,7.0,6,In Relationship,3,6,Medium,0.7428571428571429,13.0,Low,1
21,Female,Undergraduate,UK,6.3,TikTok,Yes,6.4,5,Single,4,8,High,0.9843749999999999,11.4,Medium,1
24,Male,Graduate,Italy,4.9,Facebook,No,7.3,7,In Relationship,2,5,Medium,0.6712328767123288,14.3,Low,0
20,Female,Undergraduate,Russia,6.7,Instagram,Yes,6.0,5,Single,4,8,High,1.1166666666666667,11.0,Medium,1
22,Male,Graduate,China,5.8,WeChat,Yes,6.5,6,In Relationship,3,7,Medium,0.8923076923076922,12.5,Low,1
19,Female,Undergraduate,Japan,4.5,Twitter,No,7.6,8,Single,2,4,Low,0.5921052631578948,15.6,Low,0
23,Male,Graduate,Poland,6.4,Facebook,Yes,6.3,5,Single,4,8,High,1.015873015873016,11.3,Medium,1
21,Female,Undergraduate,Finland,4.1,Instagram,No,7.7,7,In Relationship,2,5,Medium,0.5324675324675324,14.7,Low,0
24,Male,Graduate,Spain,6.6,TikTok,Yes,6.2,5,Single,4,8,High,1.064516129032258,11.2,Medium,1
20,Female,Undergraduate,Denmark,4.4,Instagram,No,7.4,7,In Relationship,2,5,Medium,0.5945945945945946,14.4,Low,0
22,Male,Graduate,Ireland,5.7,Twitter,Yes,6.8,6,Single,3,7,Medium,0.8382352941176471,12.8,Low,1
19,Female,Undergraduate,India,7.0,Instagram,Yes,5.8,4,Single,5,9,High,1.206896551724138,9.8,Medium,1
23,Male,Graduate,Switzerland,4.3,Facebook,No,7.5,7,In Relationship,2,5,Medium,0.5733333333333334,14.5,Low,0
21,Female,Undergraduate,Turkey,6.9,TikTok,Yes,6.1,5,Single,4,8,High,1.1311475409836067,11.1,Medium,1
24,Male,Graduate,USA,5.6,Instagram,Yes,6.9,6,In Relationship,3,7,Medium,0.8115942028985507,12.9,Low,1
20,Female,Undergraduate,Mexico,6.2,Facebook,Yes,6.3,5,Single,4,8,High,0.9841269841269842,11.3,Medium,1
21,Male,Undergraduate,France,5.8,Instagram,Yes,6.7,6,Single,3,7,Medium,0.8656716417910447,12.7,Low,1
23,Female,Graduate,Canada,4.9,TikTok,No,7.3,7,In Relationship,2,5,Medium,0.6712328767123288,14.3,Low,0
20,Male,Undergraduate,UK,6.4,Facebook,Yes,6.2,5,Single,4,8,High,1.032258064516129,11.2,Medium,1
22,Female,Graduate,Italy,5.1,Twitter,No,7.1,7,In Relationship,2,5,Medium,0.7183098591549295,14.1,Low,0
19,Male,Undergraduate,Russia,6.7,Instagram,Yes,6.0,4,Single,4,8,High,1.1166666666666667,10.0,Medium,1
24,Female,Graduate,China,5.5,WeChat,Yes,6.8,6,In Relationship,3,7,Medium,0.8088235294117647,12.8,Low,1
21,Male,Undergraduate,Japan,4.3,Twitter,No,7.6,8,Single,2,4,Low,0.5657894736842105,15.6,Low,0
23,Female,Graduate,Poland,6.2,Instagram,Yes,6.4,5,Single,4,8,High,0.96875,11.4,Medium,1
20,Male,Undergraduate,Finland,4.5,Facebook,No,7.4,7,In Relationship,2,5,Medium,0.6081081081081081,14.4,Low,0
22,Female,Graduate,Spain,6.3,TikTok,Yes,6.3,5,Single,4,8,High,1.0,11.3,Medium,1
19,Male,Undergraduate,Denmark,4.7,Instagram,No,7.2,7,In Relationship,2,5,Medium,0.6527777777777778,14.2,Low,0
24,Female,Graduate,Ireland,5.9,Twitter,Yes,6.6,6,Single,3,7,Medium,0.893939393939394,12.6,Low,1
21,Male,Undergraduate,India,7.1,Facebook,Yes,5.7,4,Single,5,9,High,1.2456140350877192,9.7,Medium,1
23,Female,Graduate,Switzerland,4.4,Instagram,No,7.4,7,In Relationship,2,5,Medium,0.5945945945945946,14.4,Low,0
20,Male,Undergraduate,Turkey,6.6,TikTok,Yes,6.2,5,Single,4,8,High,1.064516129032258,11.2,Medium,1
22,Female,Graduate,USA,5.4,Instagram,Yes,6.9,6,In Relationship,3,7,Medium,0.782608695652174,12.9,Low,1
19,Male,Undergraduate,Mexico,6.5,Facebook,Yes,6.1,5,Single,4,8,High,1.0655737704918034,11.1,Medium,1
24,Female,Graduate,France,4.8,Twitter,No,7.3,7,In Relationship,2,5,Medium,0.6575342465753424,14.3,Low,0
21,Male,Undergraduate,Canada,5.7,Instagram,Yes,6.7,6,Single,3,7,Medium,0.8507462686567164,12.7,Low,1
23,Female,Graduate,UK,6.1,TikTok,Yes,6.4,5,Single,4,8,High,0.9531249999999999,11.4,Medium,1
20,Male,Undergraduate,Italy,4.6,Facebook,No,7.2,7,In Relationship,2,5,Medium,0.6388888888888888,14.2,Low,0
22,Female,Graduate,Russia,6.8,Instagram,Yes,5.9,4,Single,5,9,High,1.1525423728813557,9.9,Medium,1
19,Male,Undergraduate,China,5.6,WeChat,Yes,6.8,6,In Relationship,3,7,Medium,0.8235294117647058,12.8,Low,1
24,Female,Graduate,Japan,4.2,Twitter,No,7.5,8,Single,2,4,Low,0.56,15.5,Low,0
21,Male,Undergraduate,Poland,6.3,TikTok,Yes,6.3,5,Single,4,8,High,1.0,11.3,Medium,1
23,Female,Graduate,Finland,4.4,Instagram,No,7.4,7,In Relationship,2,5,Medium,0.5945945945945946,14.4,Low,0
20,Male,Undergraduate,Spain,6.5,Facebook,Yes,6.2,5,Single,4,8,High,1.0483870967741935,11.2,Medium,1
22,Female,Graduate,Denmark,4.6,Twitter,No,7.3,7,In Relationship,2,5,Medium,0.6301369863013698,14.3,Low,0
19,Male,Undergraduate,Ireland,5.8,Instagram,Yes,6.6,6,Single,3,7,Medium,0.8787878787878788,12.6,Low,1
24,Female,Graduate,India,7.0,TikTok,Yes,5.8,4,Single,5,9,High,1.206896551724138,9.8,Medium,1
21,Male,Undergraduate,Switzerland,4.5,Facebook,No,7.3,7,In Relationship,2,5,Medium,0.6164383561643836,14.3,Low,0
23,Female,Graduate,Turkey,6.7,Instagram,Yes,6.1,5,Single,4,8,High,1.098360655737705,11.1,Medium,1
20,Male,Undergraduate,USA,5.5,Twitter,Yes,6.8,6,In Relationship,3,7,Medium,0.8088235294117647,12.8,Low,1
22,Female,Graduate,Mexico,6.4,Facebook,Yes,6.2,5,Single,4,8,High,1.032258064516129,11.2,Medium,1
19,Male,Undergraduate,France,4.7,Instagram,No,7.2,7,In Relationship,2,5,Medium,0.6527777777777778,14.2,Low,0
24,Female,Graduate,Canada,5.6,TikTok,Yes,6.7,6,Single,3,7,Medium,0.835820895522388,12.7,Low,1
21,Male,Undergraduate,UK,6.2,Facebook,Yes,6.3,5,Single,4,8,High,0.9841269841269842,11.3,Medium,1
23,Female,Graduate,Italy,4.8,Twitter,No,7.1,7,In Relationship,2,5,Medium,0.676056338028169,14.1,Low,0
20,Male,Undergraduate,Russia,6.9,Instagram,Yes,5.9,4,Single,5,9,High,1.1694915254237288,9.9,Medium,1
22,Female,Graduate,China,5.7,WeChat,Yes,6.7,6,In Relationship,3,7,Medium,0.8507462686567164,12.7,Low,1
19,Male,Undergraduate,Japan,4.4,Twitter,No,7.4,8,Single,2,4,Low,0.5945945945945946,15.4,Low,0
24,Female,Graduate,Poland,6.1,TikTok,Yes,6.4,5,Single,4,8,High,0.9531249999999999,11.4,Medium,1
21,Male,Undergraduate,Finland,4.3,Instagram,No,7.5,7,In Relationship,2,5,Medium,0.5733333333333334,14.5,Low,0
23,Female,Graduate,Spain,6.4,Facebook,Yes,6.2,5,Single,4,8,High,1.032258064516129,11.2,Medium,1
20,Male,Undergraduate,Denmark,4.5,Twitter,No,7.3,7,In Relationship,2,5,Medium,0.6164383561643836,14.3,Low,0
22,Female,Graduate,Ireland,5.9,Instagram,Yes,6.5,6,Single,3,7,Medium,0.9076923076923078,12.5,Low,1
19,Male,Undergraduate,India,7.2,TikTok,Yes,5.7,4,Single,5,9,High,1.263157894736842,9.7,Medium,1
24,Female,Graduate,Switzerland,4.6,Facebook,No,7.2,7,In Relationship,2,5,Medium,0.6388888888888888,14.2,Low,0
21,Male,Undergraduate,Turkey,6.8,Instagram,Yes,6.0,5,Single,4,8,High,1.1333333333333333,11.0,Medium,1
23,Female,Graduate,USA,5.3,Twitter,Yes,6.8,6,In Relationship,3,7,Medium,0.7794117647058824,12.8,Low,1
22,Male,Graduate,Mexico,6.3,Facebook,Yes,6.2,5,Single,4,8,High,1.0161290322580645,11.2,Medium,1
20,Female,Undergraduate,France,4.8,Instagram,No,7.1,7,In Relationship,2,5,Medium,0.676056338028169,14.1,Low,0
23,Male,Graduate,Canada,5.7,TikTok,Yes,6.6,6,Single,3,7,Medium,0.8636363636363638,12.6,Low,1
21,Female,Undergraduate,UK,6.2,Twitter,Yes,6.3,5,Single,4,8,High,0.9841269841269842,11.3,Medium,1
24,Male,Graduate,Italy,4.7,Facebook,No,7.2,7,In Relationship,2,5,Medium,0.6527777777777778,14.2,Low,0
19,Female,Undergraduate,Russia,6.8,Instagram,Yes,5.9,4,Single,5,9,High,1.1525423728813557,9.9,Medium,1
22,Male,Graduate,China,5.6,WeChat,Yes,6.7,6,In Relationship,3,7,Medium,0.835820895522388,12.7,Low,1
20,Female,Undergraduate,Japan,4.3,Twitter,No,7.5,8,Single,2,4,Low,0.5733333333333334,15.5,Low,0
23,Male,Graduate,Poland,6.2,TikTok,Yes,6.3,5,Single,4,8,High,0.9841269841269842,11.3,Medium,1
21,Female,Undergraduate,Finland,4.4,Instagram,No,7.4,7,In Relationship,2,5,Medium,0.5945945945945946,14.4,Low,0
24,Male,Graduate,Spain,6.5,Facebook,Yes,6.1,5,Single,4,8,High,1.0655737704918034,11.1,Medium,1
19,Female,Undergraduate,Denmark,4.6,Twitter,No,7.3,7,In Relationship,2,5,Medium,0.6301369863013698,14.3,Low,0
22,Male,Graduate,Ireland,5.8,Instagram,Yes,6.6,6,Single,3,7,Medium,0.8787878787878788,12.6,Low,1
20,Female,Undergraduate,India,7.1,TikTok,Yes,5.8,4,Single,5,9,High,1.2241379310344827,9.8,Medium,1
23,Male,Graduate,Switzerland,4.5,Facebook,No,7.3,7,In Relationship,2,5,Medium,0.6164383561643836,14.3,Low,0
21,Female,Undergraduate,Turkey,6.7,Instagram,Yes,6.0,5,Single,4,8,High,1.1166666666666667,11.0,Medium,1
24,Male,Graduate,USA,5.4,Twitter,Yes,6.8,6,In Relationship,3,7,Medium,0.7941176470588236,12.8,Low,1
19,Female,Undergraduate,Mexico,6.4,TikTok,Yes,6.2,5,Single,4,8,High,1.032258064516129,11.2,Medium,1
22,Male,Graduate,France,4.7,Facebook,No,7.2,7,In Relationship,2,5,Medium,0.6527777777777778,14.2,Low,0
20,Female,Undergraduate,Canada,5.6,Instagram,Yes,6.7,6,Single,3,7,Medium,0.835820895522388,12.7,Low,1
23,Male,Graduate,UK,6.3,Twitter,Yes,6.2,5,Single,4,8,High,1.0161290322580645,11.2,Medium,1
21,Female,Undergraduate,Italy,4.8,TikTok,No,7.1,7,In Relationship,2,5,Medium,0.676056338028169,14.1,Low,0
24,Male,Graduate,Russia,6.9,Instagram,Yes,5.9,4,Single,5,9,High,1.1694915254237288,9.9,Medium,1
19,Female,Undergraduate,China,5.7,WeChat,Yes,6.7,6,In Relationship,3,7,Medium,0.8507462686567164,12.7,Low,1
22,Male,Graduate,Japan,4.4,Twitter,No,7.4,8,Single,2,4,Low,0.5945945945945946,15.4,Low,0
20,Female,Undergraduate,Poland,6.1,Facebook,Yes,6.4,5,Single,4,8,High,0.9531249999999999,11.4,Medium,1
23,Male,Graduate,Finland,4.3,Instagram,No,7.5,7,In Relationship,2,5,Medium,0.5733333333333334,14.5,Low,0
21,Female,Undergraduate,Spain,6.4,TikTok,Yes,6.2,5,Single,4,8,High,1.032258064516129,11.2,Medium,1
24,Male,Graduate,Denmark,4.5,Twitter,No,7.3,7,In Relationship,2,5,Medium,0.6164383561643836,14.3,Low,0
19,Female,Undergraduate,Ireland,5.9,Instagram,Yes,6.5,6,Single,3,7,Medium,0.9076923076923078,12.5,Low,1
22,Male,Graduate,India,7.2,Facebook,Yes,5.7,4,Single,5,9,High,1.263157894736842,9.7,Medium,1
20,Female,Undergraduate,Switzerland,4.6,TikTok,No,7.2,7,In Relationship,2,5,Medium,0.6388888888888888,14.2,Low,0
23,Male,Graduate,Turkey,6.8,Instagram,Yes,6.0,5,Single,4,8,High,1.1333333333333333,11.0,Medium,1
21,Female,Undergraduate,USA,5.3,Twitter,Yes,6.8,6,In Relationship,3,7,Medium,0.7794117647058824,12.8,Low,1
24,Male,Graduate,Mexico,6.2,Facebook,Yes,6.3,5,Single,4,8,High,0.9841269841269842,11.3,Medium,1
19,Female,Undergraduate,France,4.7,Instagram,No,7.2,7,In Relationship,2,5,Medium,0.6527777777777778,14.2,Low,0
22,Male,Graduate,Canada,5.8,TikTok,Yes,6.6,6,Single,3,7,Medium,0.8787878787878788,12.6,Low,1
20,Female,Undergraduate,UK,6.1,Twitter,Yes,6.4,5,Single,4,8,High,0.9531249999999999,11.4,Medium,1
23,Male,Graduate,Italy,4.8,Facebook,No,7.1,7,In Relationship,2,5,Medium,0.676056338028169,14.1,Low,0
21,Female,Undergraduate,Russia,6.7,Instagram,Yes,6.0,4,Single,5,9,High,1.1166666666666667,10.0,Medium,1
24,Male,Graduate,China,5.5,WeChat,Yes,6.8,6,In Relationship,3,7,Medium,0.8088235294117647,12.8,Low,1
19,Female,Undergraduate,Japan,4.2,Twitter,No,7.5,8,Single,2,4,Low,0.56,15.5,Low,0
22,Male,Graduate,Poland,6.3,TikTok,Yes,6.2,5,Single,4,8,High,1.0161290322580645,11.2,Medium,1
20,Female,Undergraduate,Finland,4.4,Instagram,No,7.4,7,In Relationship,2,5,Medium,0.5945945945945946,14.4,Low,0
23,Male,Graduate,Spain,6.5,Facebook,Yes,6.1,5,Single,4,8,High,1.0655737704918034,11.1,Medium,1
21,Female,Undergraduate,Denmark,4.6,Twitter,No,7.3,7,In Relationship,2,5,Medium,0.6301369863013698,14.3,Low,0
24,Male,Graduate,Ireland,5.9,Instagram,Yes,6.5,6,Single,3,7,Medium,0.9076923076923078,12.5,Low,1
19,Female,Undergraduate,India,7.0,TikTok,Yes,5.8,4,Single,5,9,High,1.206896551724138,9.8,Medium,1
22,Male,Graduate,Switzerland,4.5,Facebook,No,7.3,7,In Relationship,2,5,Medium,0.6164383561643836,14.3,Low,0
20,Female,Undergraduate,Turkey,6.6,Instagram,Yes,6.1,5,Single,4,8,High,1.0819672131147542,11.1,Medium,1
23,Male,Graduate,USA,5.5,Twitter,Yes,6.7,6,In Relationship,3,7,Medium,0.8208955223880596,12.7,Low,1
21,Female,Undergraduate,Mexico,6.3,TikTok,Yes,6.2,5,Single,4,8,High,1.0161290322580645,11.2,Medium,1
24,Male,Graduate,France,4.8,Facebook,No,7.1,7,In Relationship,2,5,Medium,0.676056338028169,14.1,Low,0
19,Female,Undergraduate,Canada,5.7,Instagram,Yes,6.6,6,Single,3,7,Medium,0.8636363636363638,12.6,Low,1
22,Male,Graduate,UK,6.2,Twitter,Yes,6.3,5,Single,4,8,High,0.9841269841269842,11.3,Medium,1
20,Female,Undergraduate,Italy,4.7,TikTok,No,7.2,7,In Relationship,2,5,Medium,0.6527777777777778,14.2,Low,0
23,Male,Graduate,Russia,6.8,Instagram,Yes,5.9,4,Single,5,9,High,1.1525423728813557,9.9,Medium,1
21,Female,Undergraduate,China,5.6,WeChat,Yes,6.7,6,In Relationship,3,7,Medium,0.835820895522388,12.7,Low,1
24,Male,Graduate,Japan,4.3,Twitter,No,7.5,8,Single,2,4,Low,0.5733333333333334,15.5,Low,0
19,Female,Undergraduate,Poland,6.2,Facebook,Yes,6.3,5,Single,4,8,High,0.9841269841269842,11.3,Medium,1
